Troqueles,,,,,,,,,,,,,,,,,,,,,,,,,,,,,,,,,,,
Una fila por troquel. Los campos geométricos alimentan etiquetas por repetición, desarrollo y validación de planchas.,,,,,,,,,,,,,,,,,,,,,,,,,,,,,,,,,,,
,,,,,,,,,,,,,,,,,,,,,,,,,,,,,,,,,,,
CÓDIGO,Descripción,Clasificación,Forma,Código cliente,Código preprensa,Código proveedor,Ancho mm,Largo mm,Desarrollo cm,DESARROLLO TOTAL,Elongación %,Elongado,Ancho total troquel in,Largo total troquel in,Ancho etiqueta in,Largo etiqueta in,Ancho material in,Área etiqueta in²,Área troquel in²,Estructura,Formato,GAP AROUND,GAP AROUND,Montaje,Proveedor,Tensión,Tipo troquel,Uso convencional,Uso digital,Filas,DIENTES,Repeticiones,Estado,Activo,Observaciones
C0001-BW,Etiqueta rectangular 50 x 80,etiqueta,circulo,CLI-01,PRE-01,PROV-01,"29,8","29,8","33,02",13,,,"7,8",13,"1,1732","1,1732",13,"1,38","101,40",2 x 3,rollo,"0,125","1,250",2 filas x 3 rep.,KOCHER,media,flexo,Sí,No,6,104,10,Bueno,Sí,
C0002-BW,,Etiqueta,circulo,,,,73,73,"30,48",12,,,9,12,"2,8740","2,874",,"8,26","108,00",,rollo,"0,125","1,250",,KOCHER,,flexo,Sí,No,3,96,4,Bueno,Sí,
E0002-SG,,,elipse,,,,85,68,"35,56",14,,,"6,94",14,"3,3465","2,6772",,"8,96","97,16",,rollo,"0,125","1,250",,KOCHER,,flexo,Sí,No,2,112,5,Bueno,Sí,
R0004-SG,,,rectangulo,,,,"31,8",96,#ERROR!,"15,75",,,"6,88","15,75","1,2520","3,7795",,"4,73","108,36",,rollo,"0,156","1,563",,KOCHER,,flexo,Sí,No,5,126,4,Bueno,Sí,
R0005-SG,,,rectangulo,,,,"31,8","74,6","31,115","12,25",,,"6,88","12,25","1,2520","2,9370",,"3,68","84,28",,rollo,"0,125","1,250",,KOCHER,,flexo,Sí,No,5,98,4,Bueno,Sí,
R0008-SG,,,rectangulo,,,,"63,5","149,2","30,48",12,,,"7,88",12,"2,5000","5,8740",,"14,69","94,56",,rollo,"0,125","1,250",,KOCHER,,flexo,Sí,No,3,96,2,Bueno,Sí,
R0021-SG,,,rectangulo,,,,"25,4","74,6","31,115","12,25",,,"6,75","12,25","1,2000","2,9370",,"2,94","82,69",,rollo,"0,125","1,250",,KOCHER,,flexo,Sí,No,6,98,4,Bueno,Sí,
R0024-SG,,,rectangulo,,,,"65,4","65,4","34,29","13,5",,,"10,8","13,5","2,5748","2,5748",,"6,63","145,80",,rollo,"0,125","1,250",,KOCHER,,flexo,Sí,No,4,108,5,Bueno,Sí,
R0026-SG,,,rectangulo,,,,87,75,"40,005","15,75",,,"14,2","15,75","3,4252","2,9528",,"10,11","223,65",,rollo,"0,197","1,972",,KOCHER,,flexo,Sí,No,4,126,5,Bueno,Sí,
R0027-SG,,,rectangulo,,,,84,65,"34,29","13,5",,,"10,3","13,5","3,3071","2,5591",,"8,46","139,05",,rollo,"0,141","1,409",,KOCHER,,flexo,Sí,No,3,108,5,Bueno,Sí,
R0028-SG,,,rectangulo,,,,88,108,"33,655","13,25",,,"10,77","13,25","3,4646","4,2520",,"14,73","142,70",,rollo,"0,165","1,647",,KOCHER,,flexo,Sí,No,3,106,3,Bueno,Sí,
R0029-SG,,,rectangulo,,,,97,"121,9","38,1",15,,,"7,89",15,"3,8189","4,7992",,"18,33","118,35",,rollo,"0,201","2,007",,KOCHER,,flexo,Sí,No,2,120,3,Bueno,Sí,
R0033-SG,,,rectangulo,,,,"38,1","96,1","40,005","15,75",,,"9,75","15,75","1,5000","3,7835",,"5,68","153,56",,rollo,"0,153","1,525",,KOCHER,,flexo,Sí,No,6,126,4,Bueno,Sí,
R0034-SG,,,rectangulo,,,,"76,2","136,5","41,91","16,5",,,"9,38","16,5","3,2000","5,3740",,"16,12","154,77",,rollo,"0,125","1,250",,KOCHER,,flexo,Sí,No,3,132,3,Bueno,Sí,
R0038-SG,,,rectangulo,,,,"28,6","17,1","30,48",12,,,10,12,"1,1260","6,732",,"0,76","120,00",,rollo,"0,125","1,250",,KOCHER,,flexo,Sí,No,8,96,15,Bueno,Sí,
R0039-SG,,,rectangulo,,,,"104,8","174,6","35,56",14,,,"8,5",14,"4,1260","6,8740",,"28,36","119,00",,rollo,"0,125","1,250",,KOCHER,,flexo,Sí,No,2,112,2,Bueno,Sí,
R0045-SG,,,rectangulo,,,,"95,3",97,"40,005","15,75",,,"11,63","15,75","3,7520","3,8189",,"14,33","183,17",,rollo,"0,119","1,186",,KOCHER,,flexo,Sí,No,3,126,4,Bueno,Sí,
R0058-PPET,,,rectangulo,,,,17,28,"38,1",15,,,"8,74",15,"6,693","1,1024",,"0,74","131,10",,rollo,"0,148","1,476",,KOCHER,,flexo,Sí,No,11,120,12,Bueno,Sí,
R0073-BW,,,rectangulo,,,,"101,6","114,3","35,56",14,,,"12,38",14,"4,2000","4,5000",,"18,00","173,32",,rollo,"0,167","1,667",,KOCHER,,flexo,Sí,No,3,112,3,Bueno,Sí,
X0015-PPPET,,,especial,,,,"146,1","114,3","35,56",14,,,"11,75",14,"5,7520","4,5000",,"25,88","164,50",,rollo,"0,167","1,667",,KOCHER,,flexo,Sí,No,2,112,3,Bueno,Sí,
C0003-SG (CORTE SEGURIDAD),,,circulo,,,,"101,6","101,6","41,91","16,5",,,"12,38","16,5","4,2000","4,2000",,"16,00","204,27",,rollo,"0,125","1,250",,KOCHER,,flexo,Sí,No,3,132,4,Bueno,Sí,
C0003-SG,,,circulo,,,,"101,6","101,6","41,91","16,5",,,"12,38","16,5","4,2000","4,2000",,"16,00","204,27",,rollo,"0,125","1,250",,KOCHER,,flexo,Sí,No,3,132,4,Bueno,Sí,
R0001-TT,,,rectangulo,,,,"37,8","41,3","31,115","12,25",,,"9,69","12,25","1,4882","1,6260",,"2,42","118,70",,rollo,"0,125","1,250",,KOCHER,,flexo,Sí,No,6,98,7,Bueno,Sí,
R0051-PPPET,,,rectangulo,,,,"123,8","77,8","33,02",13,,,10,13,"4,8740","3,0630",,"14,93","130,00",,rollo,"0,188","1,875",,KOCHER,,flexo,Sí,No,2,104,4,Bueno,Sí,
R0079-BW,,,rectangulo,,,,"85,5",81,"33,02",13,,,"13,96","13,5","3,3661","3,1890",,"10,73","188,46",,rollo,"0,186","1,860",,KOCHER,,flexo,Sí,No,4,108,4,Bueno,Sí,
R0080-BW,,,rectangulo,,,,79,81,"33,02",13,,,"12,94","13,26","3,1102","3,1890",,"9,92","171,58",,rollo,"0,125","1,250",,KOCHER,,flexo,Sí,No,4,106,4,Bueno,Sí,
R0095-BM,,,rectangulo,,,,127,127,"53,34",21,,,"10,25",21,"5,2000","5,2000",,"25,00","215,25",,rollo,"0,250","2,500",,KOCHER,,flexo,Sí,No,2,168,4,Bueno,Sí,
C0005-SG,,,circulo,,,,"31,8","31,8","35,56",14,,,11,14,"1,2520","1,2520",,"1,57","154,00",,rollo,"0,150","1,500",,KOCHER,,flexo,Sí,No,8,112,10,Bueno,Sí,
R0018-SG,,,rectangulo,,,,"55,6","47,6","30,48",12,,,"6,94",12,"2,1890","1,8740",,"4,10","83,28",,rollo,"0,125","1,250",,KOCHER,,flexo,Sí,No,3,96,6,Bueno,Sí,
C0004-SG,,,circulo,,,,147,147,"45,72",18,,,"11,82",18,"5,7874","5,7874",,"33,49","212,76",,rollo,"0,213","2,126",,KOCHER,,flexo,Sí,No,2,144,3,Bueno,Sí,
R0003-SG,,,rectangulo,,,,"134,9","269,9","55,88",22,,,11,22,"5,3110","10,6260",,"56,43","242,00",,rollo,"0,375","3,750",,KOCHER,,flexo,Sí,No,2,176,2,Bueno,Sí,
R0006-SG,,,rectangulo,,,,"44,5",108,"33,655","13,25",,,"7,5","13,25","1,7520","4,2520",,"7,45","99,38",,rollo,"0,167","1,667",,KOCHER,,flexo,Sí,No,4,106,3,Bueno,Sí,
R0007-SG,,,rectangulo,,,,"85,7",139,"43,18",17,,,"10,5",17,"3,3740","5,4724",,"18,46","178,50",,rollo,"0,194","1,943",,KOCHER,,flexo,Sí,No,3,136,3,Bueno,Sí,
R0009-SG,,,rectangulo,,,,"50,8","111,1","34,29","13,5",,,"8,5","13,5","2,2000","4,3740",,"8,75","114,75",,rollo,"0,125","1,250",,KOCHER,,flexo,Sí,No,4,108,3,Bueno,Sí,
R0010-SG,,,rectangulo,,,,"25,4","38,9","33,02",13,,,"6,75","13,25","1,2000","1,5315",,"1,53","89,44",,rollo,"0,125","1,250",,KOCHER,,flexo,Sí,No,6,106,8,Bueno,Sí,
R0013-SG,,,rectangulo,,,,"133,4","111,1","35,56",14,,,"10,83",14,"5,2520","4,3740",,"22,97","151,62",,rollo,"0,292","2,916",,KOCHER,,flexo,Sí,No,2,112,3,Bueno,Sí,
R0014-BW,,,rectangulo,,,,127,"196,9","40,005","15,75",,,"10,25","15,75","5,2000","7,7520",,"38,76","161,44",,rollo,"0,125","1,250",,KOCHER,,flexo,Sí,No,2,126,2,Bueno,Sí,
R0015-SG,,,rectangulo,,,,"76,2","149,2","30,48",12,,,"6,25",12,"3,2000","5,8740",,"17,62","75,00",,rollo,"0,125","1,250",,KOCHER,,flexo,Sí,No,2,96,2,Bueno,Sí,
R0015.2-SG,,,rectangulo,,,,"76,2","149,2","30,48",12,,,"9,38",12,"3,2000","5,8740",,"17,62","112,56",,rollo,"0,125","1,250",,KOCHER,,flexo,Sí,No,3,96,2,Bueno,Sí,
R0017-SG,,,rectangulo,,,,"63,5","90,5","37,465","14,75",,,"10,5","14,75","2,5000","3,5630",,"8,91","154,88",,rollo,"0,125","1,250",,KOCHER,,flexo,Sí,No,4,118,4,Bueno,Sí,
R0019-SG,,,rectangulo,,,,"41,3",73,"30,48",12,,,7,12,"1,6260","2,8740",,"4,67","84,00",,rollo,"0,125","1,250",,KOCHER,,flexo,Sí,No,4,96,4,Bueno,Sí,
R0020-SG,,,rectangulo,,,,54,"140,8","43,18",17,,,9,17,"2,1260","5,5433",,"11,78","153,00",,rollo,"0,125","1,250",,KOCHER,,flexo,Sí,No,4,136,3,Bueno,Sí,
R0023-SG,,,rectangulo,,,,80,75,"40,005","15,75",,,"9,82","15,75","3,1496","2,9528",,"9,30","154,67",,rollo,"0,197","1,972",,KOCHER,,flexo,Sí,No,3,126,5,Bueno,Sí,
R0025-BW,,,rectangulo,,,,"101,6","101,6","41,91","16,50",,,"12,38","16,5","4,2000","4,2000",,"16,00","204,27",,rollo,"0,125","1,250",,KOCHER,,flexo,Sí,No,3,132,4,Bueno,Sí,
R0030-BC,,,rectangulo,,,,"25,4","31,4","31,115","12,25",,,9,"12,25","1,2000","1,2362",,"1,24","110,25",,rollo,"0,125","1,250",,KOCHER,,flexo,Sí,No,8,98,9,Bueno,Sí,
R0031-SG,,,rectangulo,,,,54,"144,4","45,72",18,,,9,18,"2,1260","5,6850",,"12,09","162,00",,rollo,"0,315","3,150",,KOCHER,,flexo,Sí,No,4,144,3,Bueno,Sí,
R0032-SG,,,rectangulo,,,,"98,4","161,3","33,02",13,,,8,13,"3,8740","6,3504",,"24,60","104,00",,rollo,"0,150","1,500",,KOCHER,,flexo,Sí,No,2,104,2,Bueno,Sí,
R0035-HDPE,,,rectangulo,,,,"60,5","19,1","30,861","12,15",,,"10,03","12,25","2,3819","7,520",,"1,79","122,87",,rollo,"0,125","1,250",,KOCHER,,flexo,Sí,No,4,98,14,Bueno,Sí,
R0035.2-HDPE,,,rectangulo,,,,"60,5","19,1","37,4523","14,745",,,"12,85","14,75","2,3819","7,520",,"1,79","189,54",,rollo,"0,233","2,330",,KOCHER,,flexo,Sí,No,5,118,15,Bueno,Sí,
R0036-SG,,,rectangulo,,,,"36,2","92,1","38,1",15,,,"9,3",15,"1,4252","3,6260",,"5,17","139,50",,rollo,"0,125","1,250",,KOCHER,,flexo,Sí,No,6,120,4,Bueno,Sí,
R0037-SG,,,rectangulo,,,,"25,4","161,9","33,02",13,,,"6,75",13,"1,2000","6,3740",,"6,37","87,75",,rollo,"0,125","1,250",,KOCHER,,flexo,Sí,No,6,104,2,Bueno,Sí,
R0040-SG,,,rectangulo,,,,"101,6","50,8","43,18",17,,,"12,38",17,"4,2000","2,2000",,"8,00","210,46",,rollo,"0,125","1,250",,KOCHER,,flexo,Sí,No,3,136,8,Bueno,Sí,
R0042-SG,,,rectangulo,,,,"31,8",127,"40,005","15,75",,,"8,25","15,75","1,2520","5,2000",,"6,26","129,94",,rollo,"0,250","2,500",,KOCHER,,flexo,Sí,No,6,126,3,Bueno,Sí,
R0043-PPTPET,,,rectangulo,,,,"155,6","63,5","41,91","16,50",,,"12,62","16,5","6,1260","2,5000",,"15,31","208,23",,rollo,"0,250","2,500",,KOCHER,,flexo,Sí,No,2,132,6,Bueno,Sí,
R0044-PPTPET,,,rectangulo,,,,115,46,"35,56",14,,,"14,15",14,"4,5276","1,8110",,"8,20","198,10",,rollo,"0,189","1,889",,KOCHER,,flexo,Sí,No,3,112,7,Bueno,Sí,
R0046-PPTPET,,,rectangulo,,,,"88,9",44,"33,02",13,,,"14,5",13,"3,5000","1,7323",,"06,06","188,50",,rollo,"0,125","1,250",,KOCHER,,flexo,Sí,No,4,104,7,Bueno,Sí,
R0047-PPTPET,,,rectangulo,,,,79,"31,5","38,1",15,,,"12,94",15,"3,1102","1,2402",,"3,86","194,10",,rollo,"0,125","1,250",,KOCHER,,flexo,Sí,No,4,120,11,Bueno,Sí,
R0048-PPPET,,,rectangulo,,,,"139,7","101,6","43,18",17,,,"11,25",17,"5,5000","4,2000",,"22,00","191,25",,rollo,"0,250","2,500",,KOCHER,,flexo,Sí,No,2,136,4,Bueno,Sí,
R0049-PPPET,,,rectangulo,,,,"139,7","39,7","34,29","13,5",,,"11,25","13,5","5,5000","1,5630",,"8,60","151,88",,rollo,"0,125","1,250",,KOCHER,,flexo,Sí,No,2,108,8,Bueno,Sí,
R0050-PPPET,,,rectangulo,,,,"123,8","39,7","34,29","13,5",,,10,"13,5","4,8740","1,5630",,"7,62","135,00",,rollo,"0,125","1,250",,KOCHER,,flexo,Sí,No,2,108,8,Bueno,Sí,
R0052-BM,,,rectangulo,,,,"61,9","174,6","35,56",14,,,"10,25",14,"2,4370","6,8740",,"16,75","143,50",,rollo,"0,125","1,250",,KOCHER,,flexo,Sí,No,4,112,2,Bueno,Sí,
R0053-BM,,,rectangulo,,,,168,"149,2","45,72",18,,,"13,48",18,"6,6142","5,8740",,"38,85","242,64",,rollo,"0,125","1,250",,KOCHER,,flexo,Sí,No,2,144,3,Bueno,Sí,
R0054-SG,,,rectangulo,,,,33,79,"33,02",13,,,"8,55",13,"1,2992","3,1102",,"04,04","111,15",,rollo,"0,140","1,398",,KOCHER,,flexo,Sí,No,6,104,4,Bueno,Sí,
R0055-BM,,,rectangulo,,,,50,"247,7","50,8",20,,,"12,56",20,"1,9685","9,7520",,"19,20","251,20",,rollo,"0,250","2,500",,KOCHER,,flexo,Sí,No,6,160,2,Bueno,Sí,
R0057-SG,,,rectangulo,,,,36,105,"43,18",17,,,"9,25",17,"1,4173","4,1339",,"5,86","157,25",,rollo,"0,116","1,161",,KOCHER,,flexo,Sí,No,6,136,4,Bueno,Sí,
R0060-BM,,,rectangulo,,,,"76,2","101,6","41,91","16,5",,,"12,5","16,5","3,2000","4,2000",,"12,00","206,25",,rollo,"0,125","1,250",,KOCHER,,flexo,Sí,No,4,132,4,Bueno,Sí,
R0061-SG,,,rectangulo,,,,"50,8",0,"40,005","15,75",,,"8,5","15,75","2,2000",0,,"0,00","133,88",,rollo,"0,250","2,500",,KOCHER,,flexo,Sí,No,4,126,3,Bueno,Sí,
R0062-PPTPET,,,rectangulo,,,,"146,1",181,"37,465","14,75",,,"11,75","14,75","5,7520","7,1260",,"40,99","173,31",,rollo,"0,250","2,500",,KOCHER,,flexo,Sí,No,2,118,2,Bueno,Sí,
R0063-BW,,,rectangulo,,,,79,81,"50,8",20,,,"12,94",20,"3,1102","3,1890",,"9,92","258,80",,rollo,"0,144","1,443",,KOCHER,,flexo,Sí,No,4,160,6,Bueno,Sí,
R0064-BW,,,rectangulo,,,,"85,5",81,"50,8",20,,,"13,96",20,"3,3661","3,1890",,"10,73","279,20",,rollo,"0,144","1,443",,KOCHER,,flexo,Sí,No,4,160,6,Bueno,Sí,
R0065-SG,,,rectangulo,,,,25,70,"37,465","14,75",,,"6,66","14,75","9,843","2,7559",,"2,71","98,24",,rollo,"0,194","1,941",,KOCHER,,flexo,Sí,No,6,118,5,Bueno,Sí,
R0066-PPTPET,,,rectangulo,,,,85,33,"45,72",18,,,"13,89",18,"3,3465","1,2992",,"4,35","250,02",,rollo,"0,201","2,008",,KOCHER,,flexo,Sí,No,4,144,12,Bueno,Sí,
R0069-SG,,,rectangulo,,,,35,105,"43,18",17,,,"09,02","17,04","1,3780","4,1339",,"5,70","153,70",,rollo,"0,125","1,250",,KOCHER,,flexo,Sí,No,6,136,4,Bueno,Sí,
R0070-PPTPET,,,rectangulo,,,,"76,2","48,9","43,18",17,,,"9,38","16,97","3,2000","1,9252",,"5,78","159,18",,rollo,"0,196","1,959",,KOCHER,,flexo,Sí,No,3,136,8,Bueno,Sí,
R0071-PPTPET,,,rectangulo,,,,88,47,"41,91","16,50",,,"10,77","16,5","3,4646","1,8504",,"6,41","177,71",,rollo,"0,212","2,121",,KOCHER,,flexo,Sí,No,3,132,8,Bueno,Sí,
R0072-SG,,,rectangulo,,,,65,180,"37,465","14,75",,,"10,74","14,75","2,5591","7,0866",,"18,14","158,42",,rollo,"0,288","2,884",,KOCHER,,flexo,Sí,No,4,118,2,Bueno,Sí,
R0074-BM,,,rectangulo,,,,59,"136,5","41,91","16,50",,,"9,79","16,5","2,3228","5,3740",,"12,48","161,54",,rollo,"0,125","1,250",,KOCHER,,flexo,Sí,No,4,132,3,Bueno,Sí,
R0075-BM,,,rectangulo,,,,140,140,"43,18",17,,,"11,27",17,"5,5118","5,5118",,"30,38","191,59",,rollo,"0,155","1,548",,KOCHER,,flexo,Sí,No,2,136,3,Bueno,Sí,
R0081-BW,,,rectangulo,,,,140,152,"33,02",13,,,"11,27",13,"5,5118","5,9843",,"32,98","146,51",,rollo,"0,516","5,157",,KOCHER,,flexo,Sí,No,2,104,2,Bueno,Sí,
R0082-BW,,,rectangulo,,,,100,205,"41,91","16,50",,,"8,12","16,5","3,9370","8,0709",,"31,78","133,98",,rollo,"0,179","1,791",,KOCHER,,flexo,Sí,No,2,132,2,Bueno,Sí,
R0083-BW,,,rectangulo,,,,45,"235,2","50,8",20,,,"7,59",20,"1,7717","9,2598",,"16,41","151,80",,rollo,"0,740","7,404",,KOCHER,,flexo,Sí,No,4,160,2,Bueno,Sí,
R0086-BW,,,rectangulo,,,,43,"130,2","40,005","15,75",,,"12,73","15,75","1,6929","5,1260",,"8,68","200,50",,rollo,"0,125","1,250",,KOCHER,,flexo,Sí,No,7,126,3,Bueno,Sí,
R0087-PPTPET,,,rectangulo,,,,140,"106,9","33,02",13,,,"11,27",13,"5,5118","4,2087",,"23,20","146,51",,rollo,"0,123","1,230",,KOCHER,,flexo,Sí,No,2,,3,Bueno,Sí,
R0088-BW,,,rectangulo,,,,"88,9","69,9","37,465","14,75",,,"10,88","14,75","3,5000","2,7520",,"9,63","160,48",,rollo,"0,200","2,000",,KOCHER,,flexo,Sí,No,3,118,5,Bueno,Sí,
R0089-BW,,,rectangulo,,,,"63,5","50,8","43,18",17,,,"13,13",17,"2,5000","2,2000",,"5,00","223,21",,rollo,"0,125","1,250",,KOCHER,,flexo,Sí,No,5,136,8,Bueno,Sí,
R0092-BM,,,rectangulo,,,,"76,6","136,7","41,91","16,50",,,"9,38","16,5","3,0157","5,3819",,"16,23","154,77",,rollo,"0,118","1,181",,KOCHER,,flexo,Sí,No,3,132,3,Bueno,Sí,
R0093-BW,,,rectangulo,,,,"31,8","52,3","50,8",20,,,"6,88",20,"1,2520","2,0591",,"2,58","137,60",,rollo,"0,162","1,622",,KOCHER,,flexo,Sí,No,5,160,9,Bueno,Sí,
R0094-BW,,,rectangulo,,,,"30,2","39,7","34,29","13,5",,,"6,56","13,5","1,1890","1,5630",,"1,86","88,56",,rollo,"0,125","1,250",,KOCHER,,flexo,Sí,No,5,108,8,Bueno,Sí,
R0096-PPTPET,,,rectangulo,,,,44,33,"40,005","15,75",,,"7,43","15,75","1,7323","1,2992",,"2,25","117,02",,rollo,"0,133","1,326",,KOCHER,,flexo,Sí,No,4,126,11,Bueno,Sí,
R0097-BM,,,rectangulo,,,,"25,4","86,4","45,72",18,,,"5,63",18,"1,2000","3,4016",,"3,40","101,34",,rollo,"0,197","1,969",,KOCHER,,flexo,Sí,No,5,144,5,Bueno,Sí,
R0098-BM,,,rectangulo,,,,65,80,"35,56",14,,,"08,05",14,"2,5591","3,1496",,"08,06","112,70",,rollo,"0,350","3,504",,KOCHER,,flexo,Sí,No,3,112,4,Bueno,Sí,
R0099-BC,,,rectangulo,,,,"95,8","149,2","30,48",12,,,"7,79",12,"3,7717","5,8740",,"22,15","93,48",,rollo,"0,125","1,250",,KOCHER,,flexo,Sí,No,2,96,2,Bueno,Sí,
R0100-BC,,,rectangulo,,,,"83,5","138,2","43,18",17,,,"6,82",17,"3,2874","5,4409",,"17,89","115,94",,rollo,"0,227","2,267",,KOCHER,,flexo,Sí,No,2,136,3,Bueno,Sí,
R0101-BW,,,rectangulo,,,,"266,7",200,"41,91","16,50",,,"10,63","16,5","10,5000","7,8740",,"82,68","175,40",,rollo,"0,376","3,760",,KOCHER,,flexo,Sí,No,1,132,2,Bueno,Sí,
R0103-BW,,,rectangulo,,,,60,251,"53,34",21,,,"7,46",21,"2,3622","9,8819",,"23,34","156,66",,rollo,"0,618","6,181",,KOCHER,,flexo,Sí,No,3,168,2,Bueno,Sí,
R0105-BW,,,rectangulo,,,,190,190,"39,0398","15,37",,,"7,48","15,38","7,4803","7,4803",,"55,96","115,04",,rollo,"0,207","2,072",,KOCHER,,flexo,Sí,No,1,123,2,Bueno,Sí,
X0001-TX,,,especial,,,,"50,8","34,6","31,115","12,25",,,12,"12,25","2,2000","1,3622",,"2,72","147,00",,rollo,"0,000",0,,KOCHER,,flexo,Sí,No,6,98,9,Bueno,Sí,
X0002-SG,,,especial,,,,"47,6","95,3","30,48",12,,,8,12,"1,8740","3,7520",,"07,03","96,00",,rollo,"0,250","2,503",,KOCHER,,flexo,Sí,No,4,96,3,Bueno,Sí,
X0005-SG,,,especial,,,,"98,3","76,8","40,005","15,75",,,"11,99","15,75","3,8701","3,0236",,"11,70","188,84",,rollo,"0,125","1,250",,KOCHER,,flexo,Sí,No,3,126,5,Bueno,Sí,
X0006-SG,,,especial,,,,71,"156,2","33,02",13,,,"11,68",13,"2,7953","6,1496",,"17,19","151,84",,rollo,"0,350","3,500",,KOCHER,,flexo,Sí,No,4,104,2,Bueno,Sí,
X0007-SG,,,especial,,,,85,"123,8","38,1",15,,,"10,41",15,"3,3465","4,8740",,"16,31","156,15",,rollo,"0,125","1,250",,KOCHER,,flexo,Sí,No,3,120,3,Bueno,Sí,
X0008-SG,,,especial,,,,60,"62,9","33,02",13,,,"9,95",13,"2,3622","2,4764",,"5,85","129,35",,rollo,"0,125","1,250",,KOCHER,,flexo,Sí,No,4,104,5,Bueno,Sí,
X0009-SG,,,especial,,,,"78,7","225,4","45,72",18,,,"12,9",18,"3,0984","8,8740",,"27,50","232,20",,rollo,"0,125","1,250",,KOCHER,,flexo,Sí,No,4,144,2,Bueno,Sí,
X0010-SG,,,especial,,,,"67,3","182,9","37,465","14,75",,,"8,33","14,75","2,6496","7,2008",,"19,08","122,87",,rollo,"0,175","1,750",,KOCHER,,flexo,Sí,No,3,118,2,Bueno,Sí,
X0011-SG,,,especial,,,,"76,2",212,"43,18",17,,,"9,38",17,"3,2000","8,3465",,"25,04","159,46",,rollo,"0,154","1,535",,KOCHER,,flexo,Sí,No,3,136,2,Bueno,Sí,
X0012-SG,,,especial,,,,"88,9","244,5","50,8",20,,,"10,88",20,"3,5000","9,6260",,"33,69","217,60",,rollo,"0,375","3,750",,KOCHER,,flexo,Sí,No,3,160,2,Bueno,Sí,
X0013-SG,,,especial,,,,95,54,"34,29","13,5",,,"11,6","13,5","3,7402","2,1260",,"7,95","156,60",,rollo,"0,125","1,250",,KOCHER,,flexo,Sí,No,3,108,6,Bueno,Sí,
X0016-PPTPET,,,especial,,,,118,"106,4","43,18",17,,,"14,31",17,"4,6457","4,1890",,"19,46","243,27",,rollo,"0,063",625,,KOCHER,,flexo,Sí,No,3,136,4,Bueno,Sí,
X0017-PPTPET,,,especial,,,,85,1,"45,72",18,,,"13,89",18,"3,3465",394,,"0,13","250,02",,rollo,"0,201","2,008",,KOCHER,,flexo,Sí,No,4,144,12,Bueno,Sí,
X0018-PPTPET,,,especial,,,,120,41,"35,56",14,,,"9,7",14,"4,7244","1,6142",,"7,63","135,80",,rollo,"0,136","1,358",,KOCHER,,flexo,Sí,No,2,112,8,Bueno,Sí,
X0018B-PPTPET,,,especial,,,,120,41,"35,56",14,,,"14,55",14,"4,7244","1,6142",,"7,63","203,70",,rollo,"0,136","1,358",,KOCHER,,flexo,Sí,No,3,112,8,Bueno,Sí,
X0019-PPTPET,,,especial,,,,107,38,"37,465","14,75",,,"13,01","14,75","4,2126","1,4961",,"6,30","191,90",,rollo,"0,143","1,428",,KOCHER,,flexo,Sí,No,3,118,9,Bueno,Sí,
X0022-BM,,,especial,,,,115,50,"43,18",17,,,"9,31",17,"4,5276","1,9685",,"8,91","158,27",,rollo,"0,157","1,565",,KOCHER,,flexo,Sí,No,2,136,8,Bueno,Sí,
X0023-BM,,,especial,,,,"116,4","87,2","45,72",18,,,"9,42",18,"4,5827","3,4331",,"15,73","169,56",,rollo,"0,166","1,659",,KOCHER,,flexo,Sí,No,2,144,5,Bueno,Sí,
X0024-BM,,,especial,,,,"167,9","125,5","40,005","15,75",,,"13,47","15,75","6,6102","4,9409",,"32,66","212,15",,rollo,"0,309","3,092",,KOCHER,,flexo,Sí,No,2,126,3,Bueno,Sí,
X0025-BM,,,especial,,,,75,48,"41,91","16,50",,,"12,31","16,5","2,9528","1,8898",,"5,58","203,12",,rollo,"0,173","1,727",,KOCHER,,flexo,Sí,No,4,132,8,Bueno,Sí,
X0026-BW,,,especial,,,,180,"210,7","43,18",17,,,"07,09",17,"7,0866","8,2953",,"58,79","120,53",,rollo,"0,203","2,033",,KOCHER,,flexo,Sí,No,1,136,2,Bueno,Sí,
X0028-BM,,,especial,,,,85,183,"37,465","14,75",,,"13,89","14,75","3,3465","7,2047",,"24,11","204,88",,rollo,"0,170","1,703",,KOCHER,,flexo,Sí,No,4,118,2,Bueno,Sí,
X0029-BW,,,especial,,,,"39,6","72,4","30,48",12,,,"10,11",12,"1,5591","2,8504",,"4,44","121,32",,rollo,"0,149","1,490",,KOCHER,,flexo,Sí,No,6,96,4,Bueno,Sí,
X0030-SG,,,especial,,,,"18,1","18,1","40,005","15,75",,,6,"15,75","7,126","7,126",,"0,51","94,50",,rollo,"0,161","1,606",,KOCHER,,flexo,Sí,No,6,126,18,Bueno,Sí,
X0032-SG,,,especial,,,,"28,5",32,"35,56",14,,,"12,47",14,"1,1220","1,2598",,"1,41","174,58",,rollo,"0,296","2,957",,KOCHER,,flexo,Sí,No,10,112,9,Bueno,Sí,
X0034-BW,,,especial,,,,"79,6","249,1","50,8",20,,,"9,78",20,"3,1339","9,8071",,"30,73","195,60",,rollo,"0,192","1,919",,KOCHER,,flexo,Sí,No,3,160,2,Bueno,Sí,
X0035-BW,,,especial,,,,"82,6","273,1","55,88",22,,,"10,13",22,"3,2520","10,7520",,"34,97","222,86",,rollo,"0,250","2,500",,KOCHER,,flexo,Sí,No,3,176,2,Bueno,Sí,
X0036-SG,,,especial,,,,172,115,"35,56",14,,,"6,77",14,"6,7717","4,5276",,"30,66","94,78",,rollo,"0,139","1,391",,KOCHER,,flexo,Sí,No,1,112,3,Bueno,Sí,
X0037-SG,,,especial,,,,172,115,"35,56",14,,,"6,77",14,"6,7717","4,5276",,"30,66","94,78",,rollo,"0,139","1,391",,KOCHER,,flexo,Sí,No,1,112,3,Bueno,Sí,
X0038-BW,,,especial,,,,"58,7","104,8","41,91","16,5",,,"6,94","16,5","2,3110","4,1260",,"9,54","114,51",,rollo,"0,000",0,,KOCHER,,flexo,Sí,No,3,132,4,Bueno,Sí,
X0039-SG,,,especial,,,,"43,2",124,"53,34",21,,,"7,3",21,"1,7008","4,8819",,"8,30","153,30",,rollo,"0,368","3,681",,KOCHER,,flexo,Sí,No,4,168,4,Bueno,Sí,
X0040-BM,,,especial,,,,"168,2","148,2","45,72",18,,,"6,62",18,"6,6220","5,8346",,"38,64","119,16",,rollo,"0,163","1,632",,KOCHER,,flexo,Sí,No,1,144,3,Bueno,Sí,
X0041-BW,,,especial,,,,166,"225,5","45,72",18,,,"13,32",18,"6,5354","8,8780",,"58,02","239,76",,rollo,"0,122","1,220",,KOCHER,,flexo,Sí,No,2,144,2,Bueno,Sí,
R0067-BW,,,rectangulo,,,,"63,4","45,4","35,56",14,,,"10,49",14,"2,4961","1,7874",,"4,46","146,86",,rollo,"0,211","2,110",,KOCHER,,flexo,Sí,No,4,112,7,Bueno,Sí,
R0068-BW,,,rectangulo,,,,"122,9","122,4","38,1",15,,,"9,93",15,"4,8386","4,8189",,"23,32","148,95",,rollo,"0,180","1,800",,KOCHER,,flexo,Sí,No,2,120,3,Bueno,Sí,
R0091-BW,,,rectangulo,,,,115,107,"45,72",18,,,"9,31",18,"4,5276","4,2126",,"19,07","167,58",,rollo,"0,287","2,874",,KOCHER,,flexo,Sí,No,2,144,4,Bueno,Sí,
R0106-PPTPET,,,rectangulo,,,,"138,9","100,1","53,34",21,,,"11,19",21,"5,4685","3,9409",,"21,55","234,99",,rollo,"0,260","2,600",,KOCHER,,flexo,Sí,No,2,168,5,Bueno,Sí,
X0042-PPET,,,especial,,,,"146,5",113,"50,8",20,,,"11,79",20,"5,7677","4,4488",,"25,66","235,80",,rollo,"0,552","5,515",,KOCHER,,flexo,Sí,No,2,160,4,Bueno,Sí,
R0107-BW,,,rectangulo,,,,76,85,"35,56",14,,,"9,35",14,"2,9921","3,3465",,"10,01","130,90",,rollo,"0,154","1,535",,KOCHER,,flexo,Sí,No,3,112,4,Bueno,Sí,
R0108-BM,,,rectangulo,,,,50,177,"55,88",22,,,"12,56",22,"1,9685","6,9685",,"13,72","276,32",,rollo,"0,365","3,648",,KOCHER,,flexo,Sí,No,6,176,3,Bueno,Sí,
R0109-BM,,,rectangulo,,,,100,115,"50,8",20,,,"12,19",20,"3,9370","4,5276",,"17,83","243,80",,rollo,"0,472","4,724",,KOCHER,,flexo,Sí,No,3,160,4,Bueno,Sí,
X0045-SG,,,especial,,,,20,25,"40,005","15,75",,,"8,21","15,75","7,874","9,843",,"0,78","129,31",,rollo,"0,141","1,407",,KOCHER,,flexo,Sí,No,9,126,14,Bueno,Sí,
X0046-SG,,,especial,,,,22,38,"43,18",17,,,"8,92",17,"8,661","1,4961",,"1,30","151,64",,rollo,"0,204","2,039",,KOCHER,,flexo,Sí,No,9,136,10,Bueno,Sí,
R0111-PPTPET,,,rectangulo,,,,87,38,"37,465","14,75",,,"7,1","14,75","3,4252","1,4961",,"5,12","104,73",,rollo,"0,143","1,428",,KOCHER,,flexo,Sí,No,2,118,9,Bueno,Sí,
R0110-PPTPET,,,rectangulo,,,,38,76,"40,005","15,75",,,"9,73","15,75","1,4961","2,9921",,"4,48","153,25",,rollo,"0,158","1,579",,KOCHER,,flexo,Sí,No,6,126,5,Bueno,Sí,
X0044-PPTPET,,,especial,,,,114,"45,7","45,72",18,,,"9,23",18,"4,4882","1,7992",,"08,08","166,14",,rollo,"0,201","2,008",,KOCHER,,flexo,Sí,No,2,144,9,Bueno,Sí,
E0003-PPPET,,,elipse,,,,"85,7","98,4","50,8",20,,,"10,5",20,"3,3740","3,8740",,"13,07","210,00",,rollo,"0,125","1,250",,KOCHER,,flexo,Sí,No,3,160,5,Bueno,Sí,
X0043-PPPET,,,especial,,,,"167,2","119,8","50,8",20,,,"6,58",20,"6,5827","4,7165",,"31,05","131,60",,rollo,"0,284","2,839",,KOCHER,,flexo,Sí,No,1,160,4,Bueno,Sí,
R0112-BM,,,rectangulo,,,,43,290,"30,48",12,,,"09,09",12,"1,6929","11,4173",,"19,33","109,08",,rollo,"0,583","5,827",,KOCHER,,flexo,Sí,No,5,96,1,Bueno,Sí,
R0114-SG,,,rectangulo,,,,75,"120,7","37,465","14,75",,,"9,23","14,75","2,9528","4,7520",,"14,03","136,14",,rollo,"0,167","1,667",,KOCHER,,flexo,Sí,No,3,118,3,Bueno,Sí,
R0116-BM,,,rectangulo,,,,53,45,"30,48",12,,,"8,85",12,"2,0866","1,7717",,"3,70","106,20",,rollo,"0,228","2,283",,KOCHER,,flexo,Sí,No,4,96,6,Bueno,Sí,
R0117-PPTPET,,,rectangulo,,,,155,"166,2","50,8",20,,,"12,45",20,"6,1024","6,5433",,"39,93","249,00",,rollo,"0,125","1,250",,KOCHER,,flexo,Sí,No,2,160,3,Bueno,Sí,
R0118-PPTPET,,,rectangulo,,,,155,195,"40,64",16,,,"12,45","15,75","6,1024","7,6772",,"46,85","196,09",,rollo,"0,198","1,978",,KOCHER,,flexo,Sí,No,2,126,2,Bueno,Sí,
R0119-PPTPET,,,rectangulo,,,,150,"149,2","45,72",18,,,"12,06",18,"5,9055","5,8740",,"34,69","217,08",,rollo,"0,125","1,250",,KOCHER,,flexo,Sí,No,2,144,3,Bueno,Sí,
R0120-PPTPET,,,rectangulo,,,,60,"250,8","50,8",20,,,"12,44",20,"2,3622","9,8740",,"23,32","248,80",,rollo,"0,125","1,250",,KOCHER,,flexo,Sí,No,5,160,2,Bueno,Sí,
R0121-PPTPET,,,rectangulo,,,,177,"63,5","53,34",21,,,"14,19",21,"6,9685","2,5000",,"17,42","297,99",,rollo,"0,125","1,250",,KOCHER,,flexo,Sí,No,2,168,8,Bueno,Sí,
X0049-BW,,,especial,,,,100,135,"41,91","16,50",,,"12,19","16,5","3,9370","5,3150",,"20,93","201,14",,rollo,"0,185","1,850",,KOCHER,,flexo,Sí,No,3,132,3,Bueno,Sí,
X0048-BW,,,especial,,,,"43,8","37,5","37,465","14,75",,,"11,11","14,75","1,7244","1,4764",,"2,55","163,87",,rollo,"0,163","1,625",,KOCHER,,flexo,Sí,No,6,118,9,Bueno,Sí,
X0047-SG,,,especial,,,,165,109,"45,72",18,,,"13,24",18,"6,4961","4,2913",,"27,88","238,32",,rollo,"0,209","2,087",,KOCHER,,flexo,Sí,No,2,144,4,Bueno,Sí,
R0115-BW,,,rectangulo,,,,30,163,"35,56",14,,,"6,53",14,"1,1811","6,4173",,"7,58","91,42",,rollo,"0,583","5,827",,KOCHER,,flexo,Sí,No,5,112,2,Bueno,Sí,
R0113-BW,,,Cuadrado,,,,190,190,"40,005","15,75",,,"7,61","15,75","7,4803","7,4803",,"55,96","119,86",,rollo,"0,395","3,947",,KOCHER,,flexo,Sí,No,1,126,2,Bueno,Sí,
R0123-PPTPET,,,Rectangular,,,,"249,2",58,"37,465","14,75",,,"9,94","14,75","9,8110","2,2835",,"22,40","146,62",,rollo,"0,175","1,748",,KOCHER,,flexo,Sí,No,1,118,6,Bueno,Sí,
R0124-PPTPET,,,rectangulo,,,,"265,2",54,"40,005","15,75",,,"10,56","15,75","10,4409","2,1260",,"22,20","166,32",,rollo,"0,124","1,240",,KOCHER,,flexo,Sí,No,1,126,7,Bueno,Sí,
R0125-SG,,,rectangulo,,,,56,170,"35,56",14,,,"9,32",14,"2,2047","6,6929",,"14,76","130,48",,rollo,"0,307","3,071",,KOCHER,,flexo,Sí,No,4,112,2,Bueno,Sí,
R0126-BM,,,rectangulo,,,,50,"149,2","45,72",18,,,"10,47",18,"1,9685","5,8740",,"11,56","188,46",,rollo,"0,125","1,250",,KOCHER,,flexo,Sí,No,5,144,3,Bueno,Sí,
X0050-BW,,,especial,,,,37,"111,1","45,72",18,,,"9,49",18,"1,4567","4,3740",,"6,37","170,82",,rollo,"0,125","1,250",,KOCHER,,flexo,Sí,No,6,144,4,Bueno,Sí,
C0006-BW,,,circulo,,,,"93,6","93,6","40,005","15,75",,,"11,43","15,75","3,6850","3,6850",,"13,58","180,02",,rollo,"0,252","2,518",,KOCHER,,flexo,Sí,No,3,126,4,Bueno,Sí,
X0051-SG,,,especial,,,,26,31,"38,1",15,,,"9,19",15,"1,0236","1,2205",,"1,25","137,85",,rollo,"0,143","1,431",,KOCHER,,flexo,Sí,No,8,120,11,Bueno,Sí,
C0007-BW,,,circulo,,,,220,220,"45,72",18,,,9,"17,57","8,6614","8,6614",,"75,02","158,13",,rollo,"0,125","1,250",,KOCHER,,flexo,Sí,No,1,141,2,Bueno,Sí,
R0131-PPTPET,,,rectangulo,,,,98,38,"37,465","14,75",,,"7,97","14,75","3,8583","1,4961",,"5,77","117,56",,rollo,"0,143","1,428",,KOCHER,,flexo,Sí,No,2,118,9,Bueno,Sí,
R0129-PPTPET,,,rectangulo,,,,"293,2",55,"35,56",14,,,"11,67",14,"11,5433","2,1654",,"25,00","163,38",,rollo,"0,168","1,679",,KOCHER,,flexo,Sí,No,1,112,6,Bueno,Sí,
R0130-SG,,,rectangulo,,,,135,113,"35,56",14,,,"10,88",14,"5,3150","4,4488",,"23,65","152,32",,rollo,"0,218","2,179",,KOCHER,,flexo,Sí,No,2,112,3,Bueno,Sí,
R0133-BW,,,rectangulo,,,,"76,6","206,4","41,91","16,50",,,"9,42","16,5","3,0157","8,1260",,"24,51","155,43",,rollo,"0,125","1,250",,KOCHER,,flexo,Sí,No,3,132,2,Bueno,Sí,
R0134-BW,,,rectangulo,,,,27,"108,6","55,88",22,,,"5,94",22,"1,0630","4,2756",,"4,54","130,68",,rollo,"0,125","1,250",,KOCHER,,flexo,Sí,No,5,176,5,Bueno,Sí,
C0007-BW,,,circulo,,,,220,220,"45,72",18,,,"8,79",18,"8,6614","8,6614",,"75,02","158,22",,rollo,"0,339","3,386",,KOCHER,,flexo,Sí,No,1,144,2,Bueno,Sí,
R0136-BM,,,rectangulo,,,,65,100,"41,91","16,50",,,"10,74","16,5","2,5591","3,9370",,"10,08","177,21",,rollo,"0,188","1,880",,KOCHER,,flexo,Sí,No,4,132,4,Bueno,Sí,
R0137-BM,,,rectangulo,,,,70,110,"45,72",18,,,"8,64",18,"2,7559","4,3307",,"11,94","155,52",,rollo,"0,169","1,693",,KOCHER,,flexo,Sí,No,3,144,4,Bueno,Sí,
R0140-PPTPET,,,rectangulo,,,,50,50,"37,465","14,75",,,"8,37","14,75","1,9685","1,9685",,"3,88","123,46",,rollo,"0,139","1,386",,KOCHER,,flexo,Sí,No,4,118,7,Bueno,Sí,
X0053-BW,,,especial,,,,181,"166,1","50,8",20,,,"14,5",20,"7,1260","6,5394",,"46,60","290,00",,rollo,"0,127","1,267",,KOCHER,,flexo,Sí,No,2,160,3,Bueno,Sí,
R0138-SG,,,rectangulo,,,,77,204,"41,91","16,50",,,"12,63","16,5","3,0315","8,0315",,"24,35","208,40",,rollo,"0,219","2,185",,KOCHER,,flexo,Sí,No,4,132,2,Bueno,Sí,
R0139-SG,,,rectangulo,,,,30,104,"43,18",17,,,"7,84",17,"1,1811","4,0945",,"4,84","133,28",,rollo,"0,156","1,555",,KOCHER,,flexo,Sí,No,6,136,4,Bueno,Sí,
X0052-SG,,,especial,,,,"159,4",185,"37,465","14,75",,,"12,8","14,75","6,2756","7,2835",,"45,71","188,80",,rollo,"0,092",915,,KOCHER,,flexo,Sí,No,2,118,2,Bueno,Sí,
R0141-PPTPET,,,rectangulo,,,,50,"194,7","40,005","15,75",,,"8,37","15,73","1,9685","7,6654",,"15,09","131,66",,rollo,"0,198","1,978",,KOCHER,,flexo,Sí,No,4,126,2,Bueno,Sí,
R0122-PPTPET,,,rectangulo,,,,65,50,"37,465","14,75",,,"08,05","14,75","2,5591","1,9685",,"05,04","118,74",,rollo,"0,139","1,387",,KOCHER,,flexo,Sí,No,3,118,7,Bueno,Sí,
R0134-BW,,,rectangulo,,,,27,"108,6","55,88",22,,,"5,94",22,"1,0630","4,2756",,"4,54","130,68",,rollo,"0,125","1,250",,KOCHER,,flexo,Sí,No,5,176,5,Bueno,Sí,
R0132-SG,,,rectangulo,,,,149,"301,6","30,48",12,,,"5,99",12,"5,8661","11,8740",,"69,65","71,88",,rollo,"0,125","1,250",,KOCHER,,flexo,Sí,No,1,96,1,Bueno,Sí,
R0143-BW,,,rectangulo,,,,"105,9","301,6","30,48",12,,,"8,59",12,"4,1693","11,8740",,"49,51","103,08",,rollo,"0,125","1,250",,KOCHER,,flexo,Sí,No,2,96,1,Bueno,Sí,
R0142-SG,,,rectangulo,,,,"76,2","206,4","41,91","16,50",,,"9,38","16,5","3,2000","8,1260",,"24,38","154,77",,rollo,"0,125","1,250",,KOCHER,,flexo,Sí,No,3,132,2,Bueno,Sí,
R0146-MDO,,,rectangulo,,,,85,43,"50,8",20,,,"6,94",20,"3,3465","1,6929",,"5,67","138,80",,rollo,"0,125","1,253",,KOCHER,,flexo,Sí,No,2,160,11,Bueno,Sí,
R0147-MDO,,,rectangulo,,,,130,160,"50,8",20,,,"10,49",20,"5,1181","6,2992",,"32,24","209,80",,rollo,"0,368","3,675",,KOCHER,,flexo,Sí,No,2,160,3,Bueno,Sí,
X0054-PEBD,,,especial,,,,"255,2",193,"40,005","15,75",,,"10,05","15,75","10,0472","7,5984",,"76,34","158,29",,rollo,"0,277","2,766",,KOCHER,,flexo,Sí,No,1,126,2,Bueno,Sí,
X0055-MDO,,,especial,,,,144,73,"38,1",15,,,"11,59",15,"5,6693","2,8740",,"16,29","173,85",,rollo,"0,125","1,250",,KOCHER,,flexo,Sí,No,2,120,5,Bueno,Sí,
X0056-MDO,,,especial,,,,"114,2",48,"35,56",14,,,"9,25",14,"4,4961","1,8898",,"8,50","129,50",,rollo,"0,110","1,102",,KOCHER,,flexo,Sí,No,2,112,7,Bueno,Sí,
R0148-PPTPET,,,rectangulo,,,,150,170,"35,56",14,,,"12,06",14,"5,9055","6,6929",,"39,53","168,84",,rollo,"0,307","3,071",,KOCHER,,flexo,Sí,No,2,112,2,Bueno,Sí,
R0145-PPTPET,,,rectangulo,,,,87,57,"37,465","14,75",,,"7,1","14,75","3,4252","2,2441",,"7,69","104,73",,rollo,"0,214","2,142",,KOCHER,,flexo,Sí,No,2,118,6,Bueno,Sí,
R0144-PPTPET,,,rectangulo,,,,111,53,"39,37","15,50",,,"8,99","15,5","4,3701","2,0866",,"9,12","139,35",,rollo,"0,128","1,277",,KOCHER,,flexo,Sí,No,2,124,7,Bueno,Sí,
R0149-BM,,,rectangulo,,,,67,80,"41,91","16,50",,,"11,55","16,5","2,6378","3,1496",,"8,31","190,58",,rollo,"0,150","1,504",,KOCHER,,flexo,Sí,No,4,132,5,Bueno,Sí,
R0153-PPTPET,,,rectangulo,,,,47,251,"50,8",20,,,"8,4",20,"1,8504","9,8819",,"18,29","168,00",,rollo,"0,118","1,181",,KOCHER,,flexo,Sí,No,4,160,2,Bueno,Sí,
R0152-PPTPET,,,rectangulo,,,,"101,9",123,"38,1",15,,,"8,52",15,"4,0118","4,8425",,"19,43","127,80",,rollo,"0,158","1,575",,KOCHER,,flexo,Sí,No,2,120,3,Bueno,Sí,
,,,,,,,,,,,,,,,,,,,,rollo,,,,,,,,,,0,,,,,
,,,,,,,,,,,,,,,,,,,,rollo,,,,,,,,,,0,,,,,
,,,,,,,,,,,,,,,,,,,,rollo,,,,,,,,,,0,,,,,
,,,,,,,,,,,,,,,,,,,,rollo,,,,,,,,,,0,,,,,
,,,,,,,,,,,,,,,,,,,,rollo,,,,,,,,,,0,,,,,
,,,,,,,,,,,,,,,,,,,,rollo,,,,,,,,,,0,,,,,
,,,,,,,,,,,,,,,,,,,,rollo,,,,,,,,,,0,,,,,
,,,,,,,,,,,,,,,,,,,,rollo,,,,,,,,,,0,,,,,
,,,,,,,,,,,,,,,,,,,,rollo,,,,,,,,,,0,,,,,
,,,,,,,,,,,,,,,,,,,,rollo,,,,,,,,,,0,,,,,
,,,,,,,,,,,,,,,,,,,,rollo,,,,,,,,,,0,,,,,
,,,,,,,,,,,,,,,,,,,,rollo,,,,,,,,,,0,,,,,
,,,,,,,,,,,,,,,,,,,,rollo,,,,,,,,,,0,,,,,
,,,,,,,,,,,,,,,,,,,,rollo,,,,,,,,,,0,,,,,
,,,,,,,,,,,,,,,,,,,,rollo,,,,,,,,,,0,,,,,
,,,,,,,,,,,,,,,,,,,,,,,,,,,,,,0,,,,,
,,,,,,,,,,,,,,,,,,,,,,,,,,,,,,0,,,,,
,,,,,,,,,,,,,,,,,,,,,,,,,,,,,,0,,,,,
,,,,,,,,,,,,,,,,,,,,,,,,,,,,,,0,,,,,
,,,,,,,,,,,,,,,,,,,,,,,,,,,,,,0,,,,,
,,,,,,,,,,,,,,,,,,,,,,,,,,,,,,0,,,,,
,,,,,,,,,,,,,,,,,,,,,,,,,,,,,,0,,,,,
,,,,,,,,,,,,,,,,,,,,,,,,,,,,,,0,,,,,
,,,,,,,,,,,,,,,,,,,,,,,,,,,,,,0,,,,,
,,,,,,,,,,,,,,,,,,,,,,,,,,,,,,0,,,,,
,,,,,,,,,,,,,,,,,,,,,,,,,,,,,,0,,,,,
,,,,,,,,,,,,,,,,,,,,,,,,,,,,,,0,,,,,
,,,,,,,,,,,,,,,,,,,,,,,,,,,,,,0,,,,,
,,,,,,,,,,,,,,,,,,,,,,,,,,,,,,0,,,,,
,,,,,,,,,,,,,,,,,,,,,,,,,,,,,,0,,,,,
,,,,,,,,,,,,,,,,,,,,,,,,,,,,,,0,,,,,
,,,,,,,,,,,,,,,,,,,,,,,,,,,,,,0,,,,,
,,,,,,,,,,,,,,,,,,,,,,,,,,,,,,0,,,,,
,,,,,,,,,,,,,,,,,,,,,,,,,,,,,,0,,,,,
,,,,,,,,,,,,,,,,,,,,,,,,,,,,,,0,,,,,
,,,,,,,,,,,,,,,,,,,,,,,,,,,,,,0,,,,,
,,,,,,,,,,,,,,,,,,,,,,,,,,,,,,0,,,,,
,,,,,,,,,,,,,,,,,,,,,,,,,,,,,,0,,,,,
,,,,,,,,,,,,,,,,,,,,,,,,,,,,,,0,,,,,
,,,,,,,,,,,,,,,,,,,,,,,,,,,,,,0,,,,,
,,,,,,,,,,,,,,,,,,,,,,,,,,,,,,0,,,,,
,,,,,,,,,,,,,,,,,,,,,,,,,,,,,,0,,,,,
,,,,,,,,,,,,,,,,,,,,,,,,,,,,,,0,,,,,
,,,,,,,,,,,,,,,,,,,,,,,,,,,,,,0,,,,,
,,,,,,,,,,,,,,,,,,,,,,,,,,,,,,0,,,,,
,,,,,,,,,,,,,,,,,,,,,,,,,,,,,,0,,,,,
,,,,,,,,,,,,,,,,,,,,,,,,,,,,,,0,,,,,
,,,,,,,,,,,,,,,,,,,,,,,,,,,,,,0,,,,,
,,,,,,,,,,,,,,,,,,,,,,,,,,,,,,0,,,,,
,,,,,,,,,,,,,,,,,,,,,,,,,,,,,,0,,,,,
,,,,,,,,,,,,,,,,,,,,,,,,,,,,,,0,,,,,
,,,,,,,,,,,,,,,,,,,,,,,,,,,,,,0,,,,,
,,,,,,,,,,,,,,,,,,,,,,,,,,,,,,0,,,,,
,,,,,,,,,,,,,,,,,,,,,,,,,,,,,,0,,,,,
,,,,,,,,,,,,,,,,,,,,,,,,,,,,,,0,,,,,
,,,,,,,,,,,,,,,,,,,,,,,,,,,,,,0,,,,,
,,,,,,,,,,,,,,,,,,,,,,,,,,,,,,0,,,,,
,,,,,,,,,,,,,,,,,,,,,,,,,,,,,,0,,,,,
,,,,,,,,,,,,,,,,,,,,,,,,,,,,,,0,,,,,
,,,,,,,,,,,,,,,,,,,,,,,,,,,,,,0,,,,,
,,,,,,,,,,,,,,,,,,,,,,,,,,,,,,0,,,,,
,,,,,,,,,,,,,,,,,,,,,,,,,,,,,,0,,,,,
,,,,,,,,,,,,,,,,,,,,,,,,,,,,,,0,,,,,
,,,,,,,,,,,,,,,,,,,,,,,,,,,,,,0,,,,,
,,,,,,,,,,,,,,,,,,,,,,,,,,,,,,0,,,,,
,,,,,,,,,,,,,,,,,,,,,,,,,,,,,,0,,,,,
,,,,,,,,,,,,,,,,,,,,,,,,,,,,,,0,,,,,
,,,,,,,,,,,,,,,,,,,,,,,,,,,,,,0,,,,,
,,,,,,,,,,,,,,,,,,,,,,,,,,,,,,0,,,,,
,,,,,,,,,,,,,,,,,,,,,,,,,,,,,,0,,,,,
,,,,,,,,,,,,,,,,,,,,,,,,,,,,,,0,,,,,
,,,,,,,,,,,,,,,,,,,,,,,,,,,,,,0,,,,,
,,,,,,,,,,,,,,,,,,,,,,,,,,,,,,0,,,,,
,,,,,,,,,,,,,,,,,,,,,,,,,,,,,,0,,,,,
,,,,,,,,,,,,,,,,,,,,,,,,,,,,,,0,,,,,
,,,,,,,,,,,,,,,,,,,,,,,,,,,,,,0,,,,,
,,,,,,,,,,,,,,,,,,,,,,,,,,,,,,0,,,,,
,,,,,,,,,,,,,,,,,,,,,,,,,,,,,,0,,,,,
,,,,,,,,,,,,,,,,,,,,,,,,,,,,,,0,,,,,
,,,,,,,,,,,,,,,,,,,,,,,,,,,,,,0,,,,,
,,,,,,,,,,,,,,,,,,,,,,,,,,,,,,0,,,,,
,,,,,,,,,,,,,,,,,,,,,,,,,,,,,,0,,,,,
,,,,,,,,,,,,,,,,,,,,,,,,,,,,,,0,,,,,
,,,,,,,,,,,,,,,,,,,,,,,,,,,,,,0,,,,,
,,,,,,,,,,,,,,,,,,,,,,,,,,,,,,0,,,,,
,,,,,,,,,,,,,,,,,,,,,,,,,,,,,,0,,,,,
,,,,,,,,,,,,,,,,,,,,,,,,,,,,,,0,,,,,
,,,,,,,,,,,,,,,,,,,,,,,,,,,,,,0,,,,,
,,,,,,,,,,,,,,,,,,,,,,,,,,,,,,0,,,,,
,,,,,,,,,,,,,,,,,,,,,,,,,,,,,,0,,,,,
,,,,,,,,,,,,,,,,,,,,,,,,,,,,,,0,,,,,
,,,,,,,,,,,,,,,,,,,,,,,,,,,,,,0,,,,,
,,,,,,,,,,,,,,,,,,,,,,,,,,,,,,0,,,,,
,,,,,,,,,,,,,,,,,,,,,,,,,,,,,,0,,,,,
,,,,,,,,,,,,,,,,,,,,,,,,,,,,,,0,,,,,
,,,,,,,,,,,,,,,,,,,,,,,,,,,,,,0,,,,,
,,,,,,,,,,,,,,,,,,,,,,,,,,,,,,0,,,,,
,,,,,,,,,,,,,,,,,,,,,,,,,,,,,,0,,,,,
,,,,,,,,,,,,,,,,,,,,,,,,,,,,,,0,,,,,
,,,,,,,,,,,,,,,,,,,,,,,,,,,,,,0,,,,,
,,,,,,,,,,,,,,,,,,,,,,,,,,,,,,0,,,,,
,,,,,,,,,,,,,,,,,,,,,,,,,,,,,,0,,,,,
,,,,,,,,,,,,,,,,,,,,,,,,,,,,,,0,,,,,
,,,,,,,,,,,,,,,,,,,,,,,,,,,,,,0,,,,,
,,,,,,,,,,,,,,,,,,,,,,,,,,,,,,0,,,,,
,,,,,,,,,,,,,,,,,,,,,,,,,,,,,,0,,,,,
,,,,,,,,,,,,,,,,,,,,,,,,,,,,,,0,,,,,
,,,,,,,,,,,,,,,,,,,,,,,,,,,,,,0,,,,,
,,,,,,,,,,,,,,,,,,,,,,,,,,,,,,0,,,,,
,,,,,,,,,,,,,,,,,,,,,,,,,,,,,,0,,,,,
,,,,,,,,,,,,,,,,,,,,,,,,,,,,,,0,,,,,
,,,,,,,,,,,,,,,,,,,,,,,,,,,,,,0,,,,,
,,,,,,,,,,,,,,,,,,,,,,,,,,,,,,0,,,,,
,,,,,,,,,,,,,,,,,,,,,,,,,,,,,,0,,,,,
,,,,,,,,,,,,,,,,,,,,,,,,,,,,,,0,,,,,
,,,,,,,,,,,,,,,,,,,,,,,,,,,,,,0,,,,,
,,,,,,,,,,,,,,,,,,,,,,,,,,,,,,0,,,,,
,,,,,,,,,,,,,,,,,,,,,,,,,,,,,,0,,,,,
,,,,,,,,,,,,,,,,,,,,,,,,,,,,,,0,,,,,
,,,,,,,,,,,,,,,,,,,,,,,,,,,,,,0,,,,,
,,,,,,,,,,,,,,,,,,,,,,,,,,,,,,0,,,,,
,,,,,,,,,,,,,,,,,,,,,,,,,,,,,,0,,,,,
,,,,,,,,,,,,,,,,,,,,,,,,,,,,,,0,,,,,
,,,,,,,,,,,,,,,,,,,,,,,,,,,,,,0,,,,,
,,,,,,,,,,,,,,,,,,,,,,,,,,,,,,0,,,,,
,,,,,,,,,,,,,,,,,,,,,,,,,,,,,,0,,,,,
,,,,,,,,,,,,,,,,,,,,,,,,,,,,,,0,,,,,
,,,,,,,,,,,,,,,,,,,,,,,,,,,,,,0,,,,,
,,,,,,,,,,,,,,,,,,,,,,,,,,,,,,0,,,,,
,,,,,,,,,,,,,,,,,,,,,,,,,,,,,,0,,,,,
,,,,,,,,,,,,,,,,,,,,,,,,,,,,,,0,,,,,
,,,,,,,,,,,,,,,,,,,,,,,,,,,,,,0,,,,,
,,,,,,,,,,,,,,,,,,,,,,,,,,,,,,0,,,,,
,,,,,,,,,,,,,,,,,,,,,,,,,,,,,,0,,,,,
,,,,,,,,,,,,,,,,,,,,,,,,,,,,,,0,,,,,
,,,,,,,,,,,,,,,,,,,,,,,,,,,,,,0,,,,,
,,,,,,,,,,,,,,,,,,,,,,,,,,,,,,0,,,,,
,,,,,,,,,,,,,,,,,,,,,,,,,,,,,,0,,,,,
,,,,,,,,,,,,,,,,,,,,,,,,,,,,,,0,,,,,
,,,,,,,,,,,,,,,,,,,,,,,,,,,,,,0,,,,,
,,,,,,,,,,,,,,,,,,,,,,,,,,,,,,0,,,,,
,,,,,,,,,,,,,,,,,,,,,,,,,,,,,,0,,,,,
,,,,,,,,,,,,,,,,,,,,,,,,,,,,,,0,,,,,
,,,,,,,,,,,,,,,,,,,,,,,,,,,,,,0,,,,,
,,,,,,,,,,,,,,,,,,,,,,,,,,,,,,0,,,,,
,,,,,,,,,,,,,,,,,,,,,,,,,,,,,,0,,,,,
,,,,,,,,,,,,,,,,,,,,,,,,,,,,,,0,,,,,
,,,,,,,,,,,,,,,,,,,,,,,,,,,,,,0,,,,,
,,,,,,,,,,,,,,,,,,,,,,,,,,,,,,0,,,,,
,,,,,,,,,,,,,,,,,,,,,,,,,,,,,,0,,,,,
,,,,,,,,,,,,,,,,,,,,,,,,,,,,,,0,,,,,
,,,,,,,,,,,,,,,,,,,,,,,,,,,,,,0,,,,,
,,,,,,,,,,,,,,,,,,,,,,,,,,,,,,0,,,,,
,,,,,,,,,,,,,,,,,,,,,,,,,,,,,,0,,,,,
,,,,,,,,,,,,,,,,,,,,,,,,,,,,,,0,,,,,
,,,,,,,,,,,,,,,,,,,,,,,,,,,,,,0,,,,,
,,,,,,,,,,,,,,,,,,,,,,,,,,,,,,0,,,,,
,,,,,,,,,,,,,,,,,,,,,,,,,,,,,,0,,,,,
,,,,,,,,,,,,,,,,,,,,,,,,,,,,,,0,,,,,
,,,,,,,,,,,,,,,,,,,,,,,,,,,,,,0,,,,,
,,,,,,,,,,,,,,,,,,,,,,,,,,,,,,0,,,,,
,,,,,,,,,,,,,,,,,,,,,,,,,,,,,,0,,,,,
,,,,,,,,,,,,,,,,,,,,,,,,,,,,,,0,,,,,
,,,,,,,,,,,,,,,,,,,,,,,,,,,,,,0,,,,,
,,,,,,,,,,,,,,,,,,,,,,,,,,,,,,0,,,,,
,,,,,,,,,,,,,,,,,,,,,,,,,,,,,,0,,,,,
,,,,,,,,,,,,,,,,,,,,,,,,,,,,,,0,,,,,
,,,,,,,,,,,,,,,,,,,,,,,,,,,,,,0,,,,,
,,,,,,,,,,,,,,,,,,,,,,,,,,,,,,0,,,,,
,,,,,,,,,,,,,,,,,,,,,,,,,,,,,,0,,,,,
,,,,,,,,,,,,,,,,,,,,,,,,,,,,,,0,,,,,
,,,,,,,,,,,,,,,,,,,,,,,,,,,,,,0,,,,,
,,,,,,,,,,,,,,,,,,,,,,,,,,,,,,0,,,,,
,,,,,,,,,,,,,,,,,,,,,,,,,,,,,,0,,,,,
,,,,,,,,,,,,,,,,,,,,,,,,,,,,,,0,,,,,
,,,,,,,,,,,,,,,,,,,,,,,,,,,,,,0,,,,,
,,,,,,,,,,,,,,,,,,,,,,,,,,,,,,0,,,,,
,,,,,,,,,,,,,,,,,,,,,,,,,,,,,,0,,,,,
,,,,,,,,,,,,,,,,,,,,,,,,,,,,,,0,,,,,
,,,,,,,,,,,,,,,,,,,,,,,,,,,,,,0,,,,,
,,,,,,,,,,,,,,,,,,,,,,,,,,,,,,0,,,,,
,,,,,,,,,,,,,,,,,,,,,,,,,,,,,,0,,,,,
,,,,,,,,,,,,,,,,,,,,,,,,,,,,,,0,,,,,
,,,,,,,,,,,,,,,,,,,,,,,,,,,,,,0,,,,,
,,,,,,,,,,,,,,,,,,,,,,,,,,,,,,0,,,,,
,,,,,,,,,,,,,,,,,,,,,,,,,,,,,,0,,,,,
,,,,,,,,,,,,,,,,,,,,,,,,,,,,,,0,,,,,
,,,,,,,,,,,,,,,,,,,,,,,,,,,,,,0,,,,,
,,,,,,,,,,,,,,,,,,,,,,,,,,,,,,0,,,,,
,,,,,,,,,,,,,,,,,,,,,,,,,,,,,,0,,,,,
,,,,,,,,,,,,,,,,,,,,,,,,,,,,,,0,,,,,
,,,,,,,,,,,,,,,,,,,,,,,,,,,,,,0,,,,,
,,,,,,,,,,,,,,,,,,,,,,,,,,,,,,0,,,,,
,,,,,,,,,,,,,,,,,,,,,,,,,,,,,,0,,,,,
,,,,,,,,,,,,,,,,,,,,,,,,,,,,,,0,,,,,
,,,,,,,,,,,,,,,,,,,,,,,,,,,,,,0,,,,,
,,,,,,,,,,,,,,,,,,,,,,,,,,,,,,0,,,,,
,,,,,,,,,,,,,,,,,,,,,,,,,,,,,,0,,,,,
,,,,,,,,,,,,,,,,,,,,,,,,,,,,,,0,,,,,
,,,,,,,,,,,,,,,,,,,,,,,,,,,,,,0,,,,,
,,,,,,,,,,,,,,,,,,,,,,,,,,,,,,0,,,,,
,,,,,,,,,,,,,,,,,,,,,,,,,,,,,,0,,,,,
,,,,,,,,,,,,,,,,,,,,,,,,,,,,,,0,,,,,
,,,,,,,,,,,,,,,,,,,,,,,,,,,,,,0,,,,,
,,,,,,,,,,,,,,,,,,,,,,,,,,,,,,0,,,,,
,,,,,,,,,,,,,,,,,,,,,,,,,,,,,,0,,,,,
,,,,,,,,,,,,,,,,,,,,,,,,,,,,,,0,,,,,
,,,,,,,,,,,,,,,,,,,,,,,,,,,,,,0,,,,,
,,,,,,,,,,,,,,,,,,,,,,,,,,,,,,0,,,,,
,,,,,,,,,,,,,,,,,,,,,,,,,,,,,,0,,,,,
,,,,,,,,,,,,,,,,,,,,,,,,,,,,,,0,,,,,
,,,,,,,,,,,,,,,,,,,,,,,,,,,,,,0,,,,,
,,,,,,,,,,,,,,,,,,,,,,,,,,,,,,0,,,,,
,,,,,,,,,,,,,,,,,,,,,,,,,,,,,,0,,,,,
,,,,,,,,,,,,,,,,,,,,,,,,,,,,,,0,,,,,
,,,,,,,,,,,,,,,,,,,,,,,,,,,,,,0,,,,,
,,,,,,,,,,,,,,,,,,,,,,,,,,,,,,0,,,,,
,,,,,,,,,,,,,,,,,,,,,,,,,,,,,,0,,,,,
,,,,,,,,,,,,,,,,,,,,,,,,,,,,,,0,,,,,
,,,,,,,,,,,,,,,,,,,,,,,,,,,,,,0,,,,,
,,,,,,,,,,,,,,,,,,,,,,,,,,,,,,0,,,,,
,,,,,,,,,,,,,,,,,,,,,,,,,,,,,,0,,,,,
,,,,,,,,,,,,,,,,,,,,,,,,,,,,,,0,,,,,
,,,,,,,,,,,,,,,,,,,,,,,,,,,,,,0,,,,,
,,,,,,,,,,,,,,,,,,,,,,,,,,,,,,0,,,,,
,,,,,,,,,,,,,,,,,,,,,,,,,,,,,,0,,,,,
,,,,,,,,,,,,,,,,,,,,,,,,,,,,,,0,,,,,
,,,,,,,,,,,,,,,,,,,,,,,,,,,,,,0,,,,,
,,,,,,,,,,,,,,,,,,,,,,,,,,,,,,0,,,,,
,,,,,,,,,,,,,,,,,,,,,,,,,,,,,,0,,,,,
,,,,,,,,,,,,,,,,,,,,,,,,,,,,,,0,,,,,
,,,,,,,,,,,,,,,,,,,,,,,,,,,,,,0,,,,,
,,,,,,,,,,,,,,,,,,,,,,,,,,,,,,0,,,,,
,,,,,,,,,,,,,,,,,,,,,,,,,,,,,,0,,,,,
,,,,,,,,,,,,,,,,,,,,,,,,,,,,,,0,,,,,
,,,,,,,,,,,,,,,,,,,,,,,,,,,,,,0,,,,,
,,,,,,,,,,,,,,,,,,,,,,,,,,,,,,0,,,,,
,,,,,,,,,,,,,,,,,,,,,,,,,,,,,,0,,,,,
,,,,,,,,,,,,,,,,,,,,,,,,,,,,,,0,,,,,
,,,,,,,,,,,,,,,,,,,,,,,,,,,,,,0,,,,,
,,,,,,,,,,,,,,,,,,,,,,,,,,,,,,0,,,,,
,,,,,,,,,,,,,,,,,,,,,,,,,,,,,,0,,,,,
,,,,,,,,,,,,,,,,,,,,,,,,,,,,,,0,,,,,
,,,,,,,,,,,,,,,,,,,,,,,,,,,,,,0,,,,,
,,,,,,,,,,,,,,,,,,,,,,,,,,,,,,0,,,,,
,,,,,,,,,,,,,,,,,,,,,,,,,,,,,,0,,,,,
,,,,,,,,,,,,,,,,,,,,,,,,,,,,,,0,,,,,
,,,,,,,,,,,,,,,,,,,,,,,,,,,,,,0,,,,,
,,,,,,,,,,,,,,,,,,,,,,,,,,,,,,0,,,,,
,,,,,,,,,,,,,,,,,,,,,,,,,,,,,,0,,,,,
,,,,,,,,,,,,,,,,,,,,,,,,,,,,,,0,,,,,
,,,,,,,,,,,,,,,,,,,,,,,,,,,,,,0,,,,,
,,,,,,,,,,,,,,,,,,,,,,,,,,,,,,0,,,,,
,,,,,,,,,,,,,,,,,,,,,,,,,,,,,,0,,,,,
,,,,,,,,,,,,,,,,,,,,,,,,,,,,,,0,,,,,
,,,,,,,,,,,,,,,,,,,,,,,,,,,,,,0,,,,,
,,,,,,,,,,,,,,,,,,,,,,,,,,,,,,0,,,,,
,,,,,,,,,,,,,,,,,,,,,,,,,,,,,,0,,,,,
,,,,,,,,,,,,,,,,,,,,,,,,,,,,,,0,,,,,
,,,,,,,,,,,,,,,,,,,,,,,,,,,,,,0,,,,,
,,,,,,,,,,,,,,,,,,,,,,,,,,,,,,0,,,,,
,,,,,,,,,,,,,,,,,,,,,,,,,,,,,,0,,,,,
,,,,,,,,,,,,,,,,,,,,,,,,,,,,,,0,,,,,
,,,,,,,,,,,,,,,,,,,,,,,,,,,,,,0,,,,,
,,,,,,,,,,,,,,,,,,,,,,,,,,,,,,0,,,,,
,,,,,,,,,,,,,,,,,,,,,,,,,,,,,,0,,,,,
,,,,,,,,,,,,,,,,,,,,,,,,,,,,,,0,,,,,
,,,,,,,,,,,,,,,,,,,,,,,,,,,,,,0,,,,,
,,,,,,,,,,,,,,,,,,,,,,,,,,,,,,0,,,,,
,,,,,,,,,,,,,,,,,,,,,,,,,,,,,,0,,,,,
,,,,,,,,,,,,,,,,,,,,,,,,,,,,,,0,,,,,
,,,,,,,,,,,,,,,,,,,,,,,,,,,,,,0,,,,,
,,,,,,,,,,,,,,,,,,,,,,,,,,,,,,0,,,,,
,,,,,,,,,,,,,,,,,,,,,,,,,,,,,,0,,,,,
,,,,,,,,,,,,,,,,,,,,,,,,,,,,,,0,,,,,
,,,,,,,,,,,,,,,,,,,,,,,,,,,,,,0,,,,,
,,,,,,,,,,,,,,,,,,,,,,,,,,,,,,0,,,,,
,,,,,,,,,,,,,,,,,,,,,,,,,,,,,,0,,,,,
,,,,,,,,,,,,,,,,,,,,,,,,,,,,,,0,,,,,
,,,,,,,,,,,,,,,,,,,,,,,,,,,,,,0,,,,,
,,,,,,,,,,,,,,,,,,,,,,,,,,,,,,0,,,,,
,,,,,,,,,,,,,,,,,,,,,,,,,,,,,,0,,,,,
,,,,,,,,,,,,,,,,,,,,,,,,,,,,,,0,,,,,
,,,,,,,,,,,,,,,,,,,,,,,,,,,,,,0,,,,,
,,,,,,,,,,,,,,,,,,,,,,,,,,,,,,0,,,,,
,,,,,,,,,,,,,,,,,,,,,,,,,,,,,,0,,,,,
,,,,,,,,,,,,,,,,,,,,,,,,,,,,,,0,,,,,
,,,,,,,,,,,,,,,,,,,,,,,,,,,,,,0,,,,,
,,,,,,,,,,,,,,,,,,,,,,,,,,,,,,0,,,,,
,,,,,,,,,,,,,,,,,,,,,,,,,,,,,,0,,,,,
,,,,,,,,,,,,,,,,,,,,,,,,,,,,,,0,,,,,
,,,,,,,,,,,,,,,,,,,,,,,,,,,,,,0,,,,,
,,,,,,,,,,,,,,,,,,,,,,,,,,,,,,0,,,,,
,,,,,,,,,,,,,,,,,,,,,,,,,,,,,,0,,,,,
,,,,,,,,,,,,,,,,,,,,,,,,,,,,,,0,,,,,
,,,,,,,,,,,,,,,,,,,,,,,,,,,,,,0,,,,,
,,,,,,,,,,,,,,,,,,,,,,,,,,,,,,0,,,,,
,,,,,,,,,,,,,,,,,,,,,,,,,,,,,,0,,,,,
,,,,,,,,,,,,,,,,,,,,,,,,,,,,,,0,,,,,
,,,,,,,,,,,,,,,,,,,,,,,,,,,,,,0,,,,,
,,,,,,,,,,,,,,,,,,,,,,,,,,,,,,0,,,,,
,,,,,,,,,,,,,,,,,,,,,,,,,,,,,,0,,,,,
,,,,,,,,,,,,,,,,,,,,,,,,,,,,,,0,,,,,
,,,,,,,,,,,,,,,,,,,,,,,,,,,,,,0,,,,,
,,,,,,,,,,,,,,,,,,,,,,,,,,,,,,0,,,,,
,,,,,,,,,,,,,,,,,,,,,,,,,,,,,,0,,,,,
,,,,,,,,,,,,,,,,,,,,,,,,,,,,,,0,,,,,
,,,,,,,,,,,,,,,,,,,,,,,,,,,,,,0,,,,,
,,,,,,,,,,,,,,,,,,,,,,,,,,,,,,0,,,,,
,,,,,,,,,,,,,,,,,,,,,,,,,,,,,,0,,,,,
,,,,,,,,,,,,,,,,,,,,,,,,,,,,,,0,,,,,
,,,,,,,,,,,,,,,,,,,,,,,,,,,,,,0,,,,,
,,,,,,,,,,,,,,,,,,,,,,,,,,,,,,0,,,,,
,,,,,,,,,,,,,,,,,,,,,,,,,,,,,,0,,,,,
,,,,,,,,,,,,,,,,,,,,,,,,,,,,,,0,,,,,
,,,,,,,,,,,,,,,,,,,,,,,,,,,,,,0,,,,,
,,,,,,,,,,,,,,,,,,,,,,,,,,,,,,0,,,,,
,,,,,,,,,,,,,,,,,,,,,,,,,,,,,,0,,,,,
,,,,,,,,,,,,,,,,,,,,,,,,,,,,,,0,,,,,
,,,,,,,,,,,,,,,,,,,,,,,,,,,,,,0,,,,,
,,,,,,,,,,,,,,,,,,,,,,,,,,,,,,0,,,,,
,,,,,,,,,,,,,,,,,,,,,,,,,,,,,,0,,,,,
,,,,,,,,,,,,,,,,,,,,,,,,,,,,,,0,,,,,
,,,,,,,,,,,,,,,,,,,,,,,,,,,,,,0,,,,,
,,,,,,,,,,,,,,,,,,,,,,,,,,,,,,0,,,,,
,,,,,,,,,,,,,,,,,,,,,,,,,,,,,,0,,,,,
,,,,,,,,,,,,,,,,,,,,,,,,,,,,,,0,,,,,
,,,,,,,,,,,,,,,,,,,,,,,,,,,,,,0,,,,,
,,,,,,,,,,,,,,,,,,,,,,,,,,,,,,0,,,,,
,,,,,,,,,,,,,,,,,,,,,,,,,,,,,,0,,,,,
,,,,,,,,,,,,,,,,,,,,,,,,,,,,,,0,,,,,
,,,,,,,,,,,,,,,,,,,,,,,,,,,,,,0,,,,,
,,,,,,,,,,,,,,,,,,,,,,,,,,,,,,0,,,,,
,,,,,,,,,,,,,,,,,,,,,,,,,,,,,,0,,,,,
,,,,,,,,,,,,,,,,,,,,,,,,,,,,,,0,,,,,
,,,,,,,,,,,,,,,,,,,,,,,,,,,,,,0,,,,,
,,,,,,,,,,,,,,,,,,,,,,,,,,,,,,0,,,,,
,,,,,,,,,,,,,,,,,,,,,,,,,,,,,,0,,,,,
,,,,,,,,,,,,,,,,,,,,,,,,,,,,,,0,,,,,
,,,,,,,,,,,,,,,,,,,,,,,,,,,,,,0,,,,,
,,,,,,,,,,,,,,,,,,,,,,,,,,,,,,0,,,,,
,,,,,,,,,,,,,,,,,,,,,,,,,,,,,,0,,,,,
,,,,,,,,,,,,,,,,,,,,,,,,,,,,,,0,,,,,
,,,,,,,,,,,,,,,,,,,,,,,,,,,,,,0,,,,,
,,,,,,,,,,,,,,,,,,,,,,,,,,,,,,0,,,,,
,,,,,,,,,,,,,,,,,,,,,,,,,,,,,,0,,,,,
,,,,,,,,,,,,,,,,,,,,,,,,,,,,,,0,,,,,
,,,,,,,,,,,,,,,,,,,,,,,,,,,,,,0,,,,,
,,,,,,,,,,,,,,,,,,,,,,,,,,,,,,0,,,,,
,,,,,,,,,,,,,,,,,,,,,,,,,,,,,,0,,,,,
,,,,,,,,,,,,,,,,,,,,,,,,,,,,,,0,,,,,
,,,,,,,,,,,,,,,,,,,,,,,,,,,,,,0,,,,,
,,,,,,,,,,,,,,,,,,,,,,,,,,,,,,0,,,,,
,,,,,,,,,,,,,,,,,,,,,,,,,,,,,,0,,,,,
,,,,,,,,,,,,,,,,,,,,,,,,,,,,,,0,,,,,
,,,,,,,,,,,,,,,,,,,,,,,,,,,,,,0,,,,,
,,,,,,,,,,,,,,,,,,,,,,,,,,,,,,0,,,,,
,,,,,,,,,,,,,,,,,,,,,,,,,,,,,,0,,,,,
,,,,,,,,,,,,,,,,,,,,,,,,,,,,,,0,,,,,
,,,,,,,,,,,,,,,,,,,,,,,,,,,,,,0,,,,,
,,,,,,,,,,,,,,,,,,,,,,,,,,,,,,0,,,,,
,,,,,,,,,,,,,,,,,,,,,,,,,,,,,,0,,,,,
,,,,,,,,,,,,,,,,,,,,,,,,,,,,,,0,,,,,
,,,,,,,,,,,,,,,,,,,,,,,,,,,,,,0,,,,,
,,,,,,,,,,,,,,,,,,,,,,,,,,,,,,0,,,,,
,,,,,,,,,,,,,,,,,,,,,,,,,,,,,,0,,,,,
,,,,,,,,,,,,,,,,,,,,,,,,,,,,,,0,,,,,
,,,,,,,,,,,,,,,,,,,,,,,,,,,,,,0,,,,,
,,,,,,,,,,,,,,,,,,,,,,,,,,,,,,0,,,,,
,,,,,,,,,,,,,,,,,,,,,,,,,,,,,,0,,,,,
,,,,,,,,,,,,,,,,,,,,,,,,,,,,,,0,,,,,
,,,,,,,,,,,,,,,,,,,,,,,,,,,,,,0,,,,,
,,,,,,,,,,,,,,,,,,,,,,,,,,,,,,0,,,,,
,,,,,,,,,,,,,,,,,,,,,,,,,,,,,,0,,,,,
,,,,,,,,,,,,,,,,,,,,,,,,,,,,,,0,,,,,
,,,,,,,,,,,,,,,,,,,,,,,,,,,,,,0,,,,,
,,,,,,,,,,,,,,,,,,,,,,,,,,,,,,0,,,,,
,,,,,,,,,,,,,,,,,,,,,,,,,,,,,,0,,,,,
,,,,,,,,,,,,,,,,,,,,,,,,,,,,,,0,,,,,
,,,,,,,,,,,,,,,,,,,,,,,,,,,,,,0,,,,,
,,,,,,,,,,,,,,,,,,,,,,,,,,,,,,0,,,,,
,,,,,,,,,,,,,,,,,,,,,,,,,,,,,,0,,,,,
,,,,,,,,,,,,,,,,,,,,,,,,,,,,,,0,,,,,
,,,,,,,,,,,,,,,,,,,,,,,,,,,,,,0,,,,,
,,,,,,,,,,,,,,,,,,,,,,,,,,,,,,0,,,,,
,,,,,,,,,,,,,,,,,,,,,,,,,,,,,,0,,,,,
,,,,,,,,,,,,,,,,,,,,,,,,,,,,,,0,,,,,
,,,,,,,,,,,,,,,,,,,,,,,,,,,,,,0,,,,,
,,,,,,,,,,,,,,,,,,,,,,,,,,,,,,0,,,,,
,,,,,,,,,,,,,,,,,,,,,,,,,,,,,,0,,,,,
,,,,,,,,,,,,,,,,,,,,,,,,,,,,,,0,,,,,
,,,,,,,,,,,,,,,,,,,,,,,,,,,,,,0,,,,,
,,,,,,,,,,,,,,,,,,,,,,,,,,,,,,0,,,,,
,,,,,,,,,,,,,,,,,,,,,,,,,,,,,,0,,,,,
,,,,,,,,,,,,,,,,,,,,,,,,,,,,,,0,,,,,
,,,,,,,,,,,,,,,,,,,,,,,,,,,,,,0,,,,,
,,,,,,,,,,,,,,,,,,,,,,,,,,,,,,0,,,,,
,,,,,,,,,,,,,,,,,,,,,,,,,,,,,,0,,,,,
,,,,,,,,,,,,,,,,,,,,,,,,,,,,,,0,,,,,
,,,,,,,,,,,,,,,,,,,,,,,,,,,,,,0,,,,,
,,,,,,,,,,,,,,,,,,,,,,,,,,,,,,0,,,,,
,,,,,,,,,,,,,,,,,,,,,,,,,,,,,,0,,,,,
,,,,,,,,,,,,,,,,,,,,,,,,,,,,,,0,,,,,
,,,,,,,,,,,,,,,,,,,,,,,,,,,,,,0,,,,,
,,,,,,,,,,,,,,,,,,,,,,,,,,,,,,0,,,,,
,,,,,,,,,,,,,,,,,,,,,,,,,,,,,,0,,,,,
,,,,,,,,,,,,,,,,,,,,,,,,,,,,,,0,,,,,
,,,,,,,,,,,,,,,,,,,,,,,,,,,,,,0,,,,,
,,,,,,,,,,,,,,,,,,,,,,,,,,,,,,0,,,,,
,,,,,,,,,,,,,,,,,,,,,,,,,,,,,,0,,,,,
,,,,,,,,,,,,,,,,,,,,,,,,,,,,,,0,,,,,
,,,,,,,,,,,,,,,,,,,,,,,,,,,,,,0,,,,,
,,,,,,,,,,,,,,,,,,,,,,,,,,,,,,0,,,,,
,,,,,,,,,,,,,,,,,,,,,,,,,,,,,,0,,,,,
,,,,,,,,,,,,,,,,,,,,,,,,,,,,,,0,,,,,
,,,,,,,,,,,,,,,,,,,,,,,,,,,,,,0,,,,,
,,,,,,,,,,,,,,,,,,,,,,,,,,,,,,0,,,,,
,,,,,,,,,,,,,,,,,,,,,,,,,,,,,,0,,,,,
,,,,,,,,,,,,,,,,,,,,,,,,,,,,,,0,,,,,
,,,,,,,,,,,,,,,,,,,,,,,,,,,,,,0,,,,,
,,,,,,,,,,,,,,,,,,,,,,,,,,,,,,0,,,,,
,,,,,,,,,,,,,,,,,,,,,,,,,,,,,,0,,,,,
,,,,,,,,,,,,,,,,,,,,,,,,,,,,,,0,,,,,
,,,,,,,,,,,,,,,,,,,,,,,,,,,,,,0,,,,,
,,,,,,,,,,,,,,,,,,,,,,,,,,,,,,0,,,,,
,,,,,,,,,,,,,,,,,,,,,,,,,,,,,,0,,,,,
,,,,,,,,,,,,,,,,,,,,,,,,,,,,,,0,,,,,
,,,,,,,,,,,,,,,,,,,,,,,,,,,,,,0,,,,,
,,,,,,,,,,,,,,,,,,,,,,,,,,,,,,0,,,,,
,,,,,,,,,,,,,,,,,,,,,,,,,,,,,,0,,,,,
,,,,,,,,,,,,,,,,,,,,,,,,,,,,,,0,,,,,
,,,,,,,,,,,,,,,,,,,,,,,,,,,,,,0,,,,,
,,,,,,,,,,,,,,,,,,,,,,,,,,,,,,0,,,,,
,,,,,,,,,,,,,,,,,,,,,,,,,,,,,,0,,,,,
,,,,,,,,,,,,,,,,,,,,,,,,,,,,,,0,,,,,
,,,,,,,,,,,,,,,,,,,,,,,,,,,,,,0,,,,,
,,,,,,,,,,,,,,,,,,,,,,,,,,,,,,0,,,,,
,,,,,,,,,,,,,,,,,,,,,,,,,,,,,,0,,,,,
,,,,,,,,,,,,,,,,,,,,,,,,,,,,,,0,,,,,
,,,,,,,,,,,,,,,,,,,,,,,,,,,,,,0,,,,,
,,,,,,,,,,,,,,,,,,,,,,,,,,,,,,0,,,,,
,,,,,,,,,,,,,,,,,,,,,,,,,,,,,,0,,,,,
,,,,,,,,,,,,,,,,,,,,,,,,,,,,,,0,,,,,
,,,,,,,,,,,,,,,,,,,,,,,,,,,,,,0,,,,,
,,,,,,,,,,,,,,,,,,,,,,,,,,,,,,0,,,,,
,,,,,,,,,,,,,,,,,,,,,,,,,,,,,,0,,,,,
,,,,,,,,,,,,,,,,,,,,,,,,,,,,,,0,,,,,
,,,,,,,,,,,,,,,,,,,,,,,,,,,,,,0,,,,,
,,,,,,,,,,,,,,,,,,,,,,,,,,,,,,0,,,,,
,,,,,,,,,,,,,,,,,,,,,,,,,,,,,,0,,,,,
,,,,,,,,,,,,,,,,,,,,,,,,,,,,,,0,,,,,
,,,,,,,,,,,,,,,,,,,,,,,,,,,,,,0,,,,,
,,,,,,,,,,,,,,,,,,,,,,,,,,,,,,0,,,,,
,,,,,,,,,,,,,,,,,,,,,,,,,,,,,,0,,,,,
,,,,,,,,,,,,,,,,,,,,,,,,,,,,,,0,,,,,
,,,,,,,,,,,,,,,,,,,,,,,,,,,,,,0,,,,,
,,,,,,,,,,,,,,,,,,,,,,,,,,,,,,0,,,,,
,,,,,,,,,,,,,,,,,,,,,,,,,,,,,,0,,,,,
,,,,,,,,,,,,,,,,,,,,,,,,,,,,,,0,,,,,
,,,,,,,,,,,,,,,,,,,,,,,,,,,,,,0,,,,,
,,,,,,,,,,,,,,,,,,,,,,,,,,,,,,0,,,,,
,,,,,,,,,,,,,,,,,,,,,,,,,,,,,,0,,,,,
,,,,,,,,,,,,,,,,,,,,,,,,,,,,,,0,,,,,
,,,,,,,,,,,,,,,,,,,,,,,,,,,,,,0,,,,,
,,,,,,,,,,,,,,,,,,,,,,,,,,,,,,0,,,,,
,,,,,,,,,,,,,,,,,,,,,,,,,,,,,,0,,,,,
,,,,,,,,,,,,,,,,,,,,,,,,,,,,,,0,,,,,
,,,,,,,,,,,,,,,,,,,,,,,,,,,,,,0,,,,,
,,,,,,,,,,,,,,,,,,,,,,,,,,,,,,0,,,,,
,,,,,,,,,,,,,,,,,,,,,,,,,,,,,,0,,,,,
,,,,,,,,,,,,,,,,,,,,,,,,,,,,,,0,,,,,
,,,,,,,,,,,,,,,,,,,,,,,,,,,,,,0,,,,,
,,,,,,,,,,,,,,,,,,,,,,,,,,,,,,0,,,,,
,,,,,,,,,,,,,,,,,,,,,,,,,,,,,,0,,,,,
,,,,,,,,,,,,,,,,,,,,,,,,,,,,,,0,,,,,
,,,,,,,,,,,,,,,,,,,,,,,,,,,,,,0,,,,,
,,,,,,,,,,,,,,,,,,,,,,,,,,,,,,0,,,,,
,,,,,,,,,,,,,,,,,,,,,,,,,,,,,,0,,,,,
,,,,,,,,,,,,,,,,,,,,,,,,,,,,,,0,,,,,
,,,,,,,,,,,,,,,,,,,,,,,,,,,,,,0,,,,,
,,,,,,,,,,,,,,,,,,,,,,,,,,,,,,0,,,,,
,,,,,,,,,,,,,,,,,,,,,,,,,,,,,,0,,,,,
,,,,,,,,,,,,,,,,,,,,,,,,,,,,,,0,,,,,
,,,,,,,,,,,,,,,,,,,,,,,,,,,,,,0,,,,,
,,,,,,,,,,,,,,,,,,,,,,,,,,,,,,0,,,,,
,,,,,,,,,,,,,,,,,,,,,,,,,,,,,,0,,,,,
,,,,,,,,,,,,,,,,,,,,,,,,,,,,,,0,,,,,
,,,,,,,,,,,,,,,,,,,,,,,,,,,,,,0,,,,,
,,,,,,,,,,,,,,,,,,,,,,,,,,,,,,0,,,,,
,,,,,,,,,,,,,,,,,,,,,,,,,,,,,,0,,,,,
,,,,,,,,,,,,,,,,,,,,,,,,,,,,,,0,,,,,
,,,,,,,,,,,,,,,,,,,,,,,,,,,,,,0,,,,,
,,,,,,,,,,,,,,,,,,,,,,,,,,,,,,0,,,,,
,,,,,,,,,,,,,,,,,,,,,,,,,,,,,,0,,,,,
,,,,,,,,,,,,,,,,,,,,,,,,,,,,,,0,,,,,
,,,,,,,,,,,,,,,,,,,,,,,,,,,,,,0,,,,,
,,,,,,,,,,,,,,,,,,,,,,,,,,,,,,0,,,,,
,,,,,,,,,,,,,,,,,,,,,,,,,,,,,,0,,,,,
,,,,,,,,,,,,,,,,,,,,,,,,,,,,,,0,,,,,
,,,,,,,,,,,,,,,,,,,,,,,,,,,,,,0,,,,,
,,,,,,,,,,,,,,,,,,,,,,,,,,,,,,0,,,,,
,,,,,,,,,,,,,,,,,,,,,,,,,,,,,,0,,,,,
,,,,,,,,,,,,,,,,,,,,,,,,,,,,,,0,,,,,
,,,,,,,,,,,,,,,,,,,,,,,,,,,,,,0,,,,,
,,,,,,,,,,,,,,,,,,,,,,,,,,,,,,0,,,,,
,,,,,,,,,,,,,,,,,,,,,,,,,,,,,,0,,,,,
,,,,,,,,,,,,,,,,,,,,,,,,,,,,,,0,,,,,
,,,,,,,,,,,,,,,,,,,,,,,,,,,,,,0,,,,,
,,,,,,,,,,,,,,,,,,,,,,,,,,,,,,0,,,,,
,,,,,,,,,,,,,,,,,,,,,,,,,,,,,,0,,,,,
,,,,,,,,,,,,,,,,,,,,,,,,,,,,,,0,,,,,
,,,,,,,,,,,,,,,,,,,,,,,,,,,,,,0,,,,,
,,,,,,,,,,,,,,,,,,,,,,,,,,,,,,0,,,,,
,,,,,,,,,,,,,,,,,,,,,,,,,,,,,,0,,,,,
,,,,,,,,,,,,,,,,,,,,,,,,,,,,,,0,,,,,
,,,,,,,,,,,,,,,,,,,,,,,,,,,,,,0,,,,,
,,,,,,,,,,,,,,,,,,,,,,,,,,,,,,0,,,,,
,,,,,,,,,,,,,,,,,,,,,,,,,,,,,,0,,,,,
,,,,,,,,,,,,,,,,,,,,,,,,,,,,,,0,,,,,
,,,,,,,,,,,,,,,,,,,,,,,,,,,,,,0,,,,,
,,,,,,,,,,,,,,,,,,,,,,,,,,,,,,0,,,,,
,,,,,,,,,,,,,,,,,,,,,,,,,,,,,,0,,,,,
,,,,,,,,,,,,,,,,,,,,,,,,,,,,,,0,,,,,
,,,,,,,,,,,,,,,,,,,,,,,,,,,,,,0,,,,,
,,,,,,,,,,,,,,,,,,,,,,,,,,,,,,0,,,,,
,,,,,,,,,,,,,,,,,,,,,,,,,,,,,,0,,,,,
,,,,,,,,,,,,,,,,,,,,,,,,,,,,,,0,,,,,
,,,,,,,,,,,,,,,,,,,,,,,,,,,,,,0,,,,,
,,,,,,,,,,,,,,,,,,,,,,,,,,,,,,0,,,,,
,,,,,,,,,,,,,,,,,,,,,,,,,,,,,,0,,,,,
,,,,,,,,,,,,,,,,,,,,,,,,,,,,,,0,,,,,
,,,,,,,,,,,,,,,,,,,,,,,,,,,,,,0,,,,,
,,,,,,,,,,,,,,,,,,,,,,,,,,,,,,0,,,,,
,,,,,,,,,,,,,,,,,,,,,,,,,,,,,,0,,,,,
,,,,,,,,,,,,,,,,,,,,,,,,,,,,,,0,,,,,
,,,,,,,,,,,,,,,,,,,,,,,,,,,,,,0,,,,,
,,,,,,,,,,,,,,,,,,,,,,,,,,,,,,0,,,,,
,,,,,,,,,,,,,,,,,,,,,,,,,,,,,,0,,,,,
,,,,,,,,,,,,,,,,,,,,,,,,,,,,,,0,,,,,
,,,,,,,,,,,,,,,,,,,,,,,,,,,,,,0,,,,,
,,,,,,,,,,,,,,,,,,,,,,,,,,,,,,0,,,,,
,,,,,,,,,,,,,,,,,,,,,,,,,,,,,,0,,,,,
,,,,,,,,,,,,,,,,,,,,,,,,,,,,,,0,,,,,
,,,,,,,,,,,,,,,,,,,,,,,,,,,,,,0,,,,,
,,,,,,,,,,,,,,,,,,,,,,,,,,,,,,0,,,,,
,,,,,,,,,,,,,,,,,,,,,,,,,,,,,,0,,,,,
,,,,,,,,,,,,,,,,,,,,,,,,,,,,,,0,,,,,
,,,,,,,,,,,,,,,,,,,,,,,,,,,,,,0,,,,,
,,,,,,,,,,,,,,,,,,,,,,,,,,,,,,0,,,,,
,,,,,,,,,,,,,,,,,,,,,,,,,,,,,,0,,,,,
,,,,,,,,,,,,,,,,,,,,,,,,,,,,,,0,,,,,
,,,,,,,,,,,,,,,,,,,,,,,,,,,,,,0,,,,,
,,,,,,,,,,,,,,,,,,,,,,,,,,,,,,0,,,,,
,,,,,,,,,,,,,,,,,,,,,,,,,,,,,,0,,,,,
,,,,,,,,,,,,,,,,,,,,,,,,,,,,,,0,,,,,
,,,,,,,,,,,,,,,,,,,,,,,,,,,,,,0,,,,,
,,,,,,,,,,,,,,,,,,,,,,,,,,,,,,0,,,,,
,,,,,,,,,,,,,,,,,,,,,,,,,,,,,,0,,,,,
,,,,,,,,,,,,,,,,,,,,,,,,,,,,,,0,,,,,
,,,,,,,,,,,,,,,,,,,,,,,,,,,,,,0,,,,,
,,,,,,,,,,,,,,,,,,,,,,,,,,,,,,0,,,,,
,,,,,,,,,,,,,,,,,,,,,,,,,,,,,,0,,,,,
,,,,,,,,,,,,,,,,,,,,,,,,,,,,,,0,,,,,
,,,,,,,,,,,,,,,,,,,,,,,,,,,,,,0,,,,,
,,,,,,,,,,,,,,,,,,,,,,,,,,,,,,0,,,,,
,,,,,,,,,,,,,,,,,,,,,,,,,,,,,,0,,,,,
,,,,,,,,,,,,,,,,,,,,,,,,,,,,,,0,,,,,
,,,,,,,,,,,,,,,,,,,,,,,,,,,,,,0,,,,,
,,,,,,,,,,,,,,,,,,,,,,,,,,,,,,0,,,,,
,,,,,,,,,,,,,,,,,,,,,,,,,,,,,,0,,,,,
,,,,,,,,,,,,,,,,,,,,,,,,,,,,,,0,,,,,
,,,,,,,,,,,,,,,,,,,,,,,,,,,,,,0,,,,,
,,,,,,,,,,,,,,,,,,,,,,,,,,,,,,0,,,,,
,,,,,,,,,,,,,,,,,,,,,,,,,,,,,,0,,,,,
,,,,,,,,,,,,,,,,,,,,,,,,,,,,,,0,,,,,
,,,,,,,,,,,,,,,,,,,,,,,,,,,,,,0,,,,,
,,,,,,,,,,,,,,,,,,,,,,,,,,,,,,0,,,,,
,,,,,,,,,,,,,,,,,,,,,,,,,,,,,,0,,,,,
,,,,,,,,,,,,,,,,,,,,,,,,,,,,,,0,,,,,
,,,,,,,,,,,,,,,,,,,,,,,,,,,,,,0,,,,,
,,,,,,,,,,,,,,,,,,,,,,,,,,,,,,0,,,,,
,,,,,,,,,,,,,,,,,,,,,,,,,,,,,,0,,,,,
,,,,,,,,,,,,,,,,,,,,,,,,,,,,,,0,,,,,
,,,,,,,,,,,,,,,,,,,,,,,,,,,,,,0,,,,,
,,,,,,,,,,,,,,,,,,,,,,,,,,,,,,0,,,,,
,,,,,,,,,,,,,,,,,,,,,,,,,,,,,,0,,,,,
,,,,,,,,,,,,,,,,,,,,,,,,,,,,,,0,,,,,
,,,,,,,,,,,,,,,,,,,,,,,,,,,,,,0,,,,,
,,,,,,,,,,,,,,,,,,,,,,,,,,,,,,0,,,,,
,,,,,,,,,,,,,,,,,,,,,,,,,,,,,,0,,,,,
,,,,,,,,,,,,,,,,,,,,,,,,,,,,,,0,,,,,
,,,,,,,,,,,,,,,,,,,,,,,,,,,,,,0,,,,,
,,,,,,,,,,,,,,,,,,,,,,,,,,,,,,0,,,,,
,,,,,,,,,,,,,,,,,,,,,,,,,,,,,,0,,,,,
,,,,,,,,,,,,,,,,,,,,,,,,,,,,,,0,,,,,
,,,,,,,,,,,,,,,,,,,,,,,,,,,,,,0,,,,,
,,,,,,,,,,,,,,,,,,,,,,,,,,,,,,0,,,,,
,,,,,,,,,,,,,,,,,,,,,,,,,,,,,,0,,,,,
,,,,,,,,,,,,,,,,,,,,,,,,,,,,,,0,,,,,
,,,,,,,,,,,,,,,,,,,,,,,,,,,,,,0,,,,,
,,,,,,,,,,,,,,,,,,,,,,,,,,,,,,0,,,,,
,,,,,,,,,,,,,,,,,,,,,,,,,,,,,,0,,,,,
,,,,,,,,,,,,,,,,,,,,,,,,,,,,,,0,,,,,
,,,,,,,,,,,,,,,,,,,,,,,,,,,,,,0,,,,,
,,,,,,,,,,,,,,,,,,,,,,,,,,,,,,0,,,,,
,,,,,,,,,,,,,,,,,,,,,,,,,,,,,,0,,,,,
,,,,,,,,,,,,,,,,,,,,,,,,,,,,,,0,,,,,
,,,,,,,,,,,,,,,,,,,,,,,,,,,,,,0,,,,,
,,,,,,,,,,,,,,,,,,,,,,,,,,,,,,0,,,,,
,,,,,,,,,,,,,,,,,,,,,,,,,,,,,,0,,,,,
,,,,,,,,,,,,,,,,,,,,,,,,,,,,,,0,,,,,
,,,,,,,,,,,,,,,,,,,,,,,,,,,,,,0,,,,,
,,,,,,,,,,,,,,,,,,,,,,,,,,,,,,0,,,,,
,,,,,,,,,,,,,,,,,,,,,,,,,,,,,,0,,,,,
,,,,,,,,,,,,,,,,,,,,,,,,,,,,,,0,,,,,
,,,,,,,,,,,,,,,,,,,,,,,,,,,,,,0,,,,,
,,,,,,,,,,,,,,,,,,,,,,,,,,,,,,0,,,,,
,,,,,,,,,,,,,,,,,,,,,,,,,,,,,,0,,,,,
,,,,,,,,,,,,,,,,,,,,,,,,,,,,,,0,,,,,
,,,,,,,,,,,,,,,,,,,,,,,,,,,,,,0,,,,,
,,,,,,,,,,,,,,,,,,,,,,,,,,,,,,0,,,,,
,,,,,,,,,,,,,,,,,,,,,,,,,,,,,,0,,,,,
,,,,,,,,,,,,,,,,,,,,,,,,,,,,,,0,,,,,
,,,,,,,,,,,,,,,,,,,,,,,,,,,,,,0,,,,,
,,,,,,,,,,,,,,,,,,,,,,,,,,,,,,0,,,,,
,,,,,,,,,,,,,,,,,,,,,,,,,,,,,,0,,,,,
,,,,,,,,,,,,,,,,,,,,,,,,,,,,,,0,,,,,
,,,,,,,,,,,,,,,,,,,,,,,,,,,,,,0,,,,,
,,,,,,,,,,,,,,,,,,,,,,,,,,,,,,0,,,,,
,,,,,,,,,,,,,,,,,,,,,,,,,,,,,,0,,,,,
,,,,,,,,,,,,,,,,,,,,,,,,,,,,,,0,,,,,
,,,,,,,,,,,,,,,,,,,,,,,,,,,,,,0,,,,,
,,,,,,,,,,,,,,,,,,,,,,,,,,,,,,0,,,,,
,,,,,,,,,,,,,,,,,,,,,,,,,,,,,,0,,,,,
,,,,,,,,,,,,,,,,,,,,,,,,,,,,,,0,,,,,
,,,,,,,,,,,,,,,,,,,,,,,,,,,,,,0,,,,,
,,,,,,,,,,,,,,,,,,,,,,,,,,,,,,0,,,,,
,,,,,,,,,,,,,,,,,,,,,,,,,,,,,,0,,,,,
,,,,,,,,,,,,,,,,,,,,,,,,,,,,,,0,,,,,
,,,,,,,,,,,,,,,,,,,,,,,,,,,,,,0,,,,,
,,,,,,,,,,,,,,,,,,,,,,,,,,,,,,0,,,,,
,,,,,,,,,,,,,,,,,,,,,,,,,,,,,,0,,,,,
,,,,,,,,,,,,,,,,,,,,,,,,,,,,,,0,,,,,
,,,,,,,,,,,,,,,,,,,,,,,,,,,,,,0,,,,,
,,,,,,,,,,,,,,,,,,,,,,,,,,,,,,0,,,,,
,,,,,,,,,,,,,,,,,,,,,,,,,,,,,,0,,,,,
,,,,,,,,,,,,,,,,,,,,,,,,,,,,,,0,,,,,
,,,,,,,,,,,,,,,,,,,,,,,,,,,,,,0,,,,,
,,,,,,,,,,,,,,,,,,,,,,,,,,,,,,0,,,,,
,,,,,,,,,,,,,,,,,,,,,,,,,,,,,,0,,,,,
,,,,,,,,,,,,,,,,,,,,,,,,,,,,,,0,,,,,
,,,,,,,,,,,,,,,,,,,,,,,,,,,,,,0,,,,,
,,,,,,,,,,,,,,,,,,,,,,,,,,,,,,0,,,,,
,,,,,,,,,,,,,,,,,,,,,,,,,,,,,,0,,,,,
,,,,,,,,,,,,,,,,,,,,,,,,,,,,,,0,,,,,
,,,,,,,,,,,,,,,,,,,,,,,,,,,,,,0,,,,,
,,,,,,,,,,,,,,,,,,,,,,,,,,,,,,0,,,,,
,,,,,,,,,,,,,,,,,,,,,,,,,,,,,,0,,,,,
,,,,,,,,,,,,,,,,,,,,,,,,,,,,,,0,,,,,
,,,,,,,,,,,,,,,,,,,,,,,,,,,,,,0,,,,,
,,,,,,,,,,,,,,,,,,,,,,,,,,,,,,0,,,,,
,,,,,,,,,,,,,,,,,,,,,,,,,,,,,,0,,,,,
,,,,,,,,,,,,,,,,,,,,,,,,,,,,,,0,,,,,
,,,,,,,,,,,,,,,,,,,,,,,,,,,,,,0,,,,,
,,,,,,,,,,,,,,,,,,,,,,,,,,,,,,0,,,,,
,,,,,,,,,,,,,,,,,,,,,,,,,,,,,,0,,,,,
,,,,,,,,,,,,,,,,,,,,,,,,,,,,,,0,,,,,
,,,,,,,,,,,,,,,,,,,,,,,,,,,,,,0,,,,,
,,,,,,,,,,,,,,,,,,,,,,,,,,,,,,0,,,,,
,,,,,,,,,,,,,,,,,,,,,,,,,,,,,,0,,,,,
,,,,,,,,,,,,,,,,,,,,,,,,,,,,,,0,,,,,
,,,,,,,,,,,,,,,,,,,,,,,,,,,,,,0,,,,,
,,,,,,,,,,,,,,,,,,,,,,,,,,,,,,0,,,,,
,,,,,,,,,,,,,,,,,,,,,,,,,,,,,,0,,,,,
,,,,,,,,,,,,,,,,,,,,,,,,,,,,,,0,,,,,
,,,,,,,,,,,,,,,,,,,,,,,,,,,,,,0,,,,,
,,,,,,,,,,,,,,,,,,,,,,,,,,,,,,0,,,,,
,,,,,,,,,,,,,,,,,,,,,,,,,,,,,,0,,,,,
,,,,,,,,,,,,,,,,,,,,,,,,,,,,,,0,,,,,
,,,,,,,,,,,,,,,,,,,,,,,,,,,,,,0,,,,,
,,,,,,,,,,,,,,,,,,,,,,,,,,,,,,0,,,,,
,,,,,,,,,,,,,,,,,,,,,,,,,,,,,,0,,,,,
,,,,,,,,,,,,,,,,,,,,,,,,,,,,,,0,,,,,
,,,,,,,,,,,,,,,,,,,,,,,,,,,,,,0,,,,,
,,,,,,,,,,,,,,,,,,,,,,,,,,,,,,0,,,,,
,,,,,,,,,,,,,,,,,,,,,,,,,,,,,,0,,,,,
,,,,,,,,,,,,,,,,,,,,,,,,,,,,,,0,,,,,
,,,,,,,,,,,,,,,,,,,,,,,,,,,,,,0,,,,,
,,,,,,,,,,,,,,,,,,,,,,,,,,,,,,0,,,,,
,,,,,,,,,,,,,,,,,,,,,,,,,,,,,,0,,,,,
,,,,,,,,,,,,,,,,,,,,,,,,,,,,,,0,,,,,
,,,,,,,,,,,,,,,,,,,,,,,,,,,,,,0,,,,,
,,,,,,,,,,,,,,,,,,,,,,,,,,,,,,0,,,,,
,,,,,,,,,,,,,,,,,,,,,,,,,,,,,,0,,,,,
,,,,,,,,,,,,,,,,,,,,,,,,,,,,,,0,,,,,
,,,,,,,,,,,,,,,,,,,,,,,,,,,,,,0,,,,,
,,,,,,,,,,,,,,,,,,,,,,,,,,,,,,0,,,,,
,,,,,,,,,,,,,,,,,,,,,,,,,,,,,,0,,,,,
,,,,,,,,,,,,,,,,,,,,,,,,,,,,,,0,,,,,
,,,,,,,,,,,,,,,,,,,,,,,,,,,,,,0,,,,,
,,,,,,,,,,,,,,,,,,,,,,,,,,,,,,0,,,,,
,,,,,,,,,,,,,,,,,,,,,,,,,,,,,,0,,,,,
,,,,,,,,,,,,,,,,,,,,,,,,,,,,,,0,,,,,
,,,,,,,,,,,,,,,,,,,,,,,,,,,,,,0,,,,,
,,,,,,,,,,,,,,,,,,,,,,,,,,,,,,0,,,,,
,,,,,,,,,,,,,,,,,,,,,,,,,,,,,,0,,,,,
,,,,,,,,,,,,,,,,,,,,,,,,,,,,,,0,,,,,
,,,,,,,,,,,,,,,,,,,,,,,,,,,,,,0,,,,,
,,,,,,,,,,,,,,,,,,,,,,,,,,,,,,0,,,,,
,,,,,,,,,,,,,,,,,,,,,,,,,,,,,,0,,,,,
,,,,,,,,,,,,,,,,,,,,,,,,,,,,,,0,,,,,
,,,,,,,,,,,,,,,,,,,,,,,,,,,,,,0,,,,,
,,,,,,,,,,,,,,,,,,,,,,,,,,,,,,0,,,,,
,,,,,,,,,,,,,,,,,,,,,,,,,,,,,,0,,,,,
,,,,,,,,,,,,,,,,,,,,,,,,,,,,,,0,,,,,
,,,,,,,,,,,,,,,,,,,,,,,,,,,,,,0,,,,,
,,,,,,,,,,,,,,,,,,,,,,,,,,,,,,0,,,,,
,,,,,,,,,,,,,,,,,,,,,,,,,,,,,,0,,,,,
,,,,,,,,,,,,,,,,,,,,,,,,,,,,,,0,,,,,
,,,,,,,,,,,,,,,,,,,,,,,,,,,,,,0,,,,,
,,,,,,,,,,,,,,,,,,,,,,,,,,,,,,0,,,,,
,,,,,,,,,,,,,,,,,,,,,,,,,,,,,,0,,,,,
,,,,,,,,,,,,,,,,,,,,,,,,,,,,,,0,,,,,
,,,,,,,,,,,,,,,,,,,,,,,,,,,,,,0,,,,,
,,,,,,,,,,,,,,,,,,,,,,,,,,,,,,0,,,,,
,,,,,,,,,,,,,,,,,,,,,,,,,,,,,,0,,,,,
,,,,,,,,,,,,,,,,,,,,,,,,,,,,,,0,,,,,
,,,,,,,,,,,,,,,,,,,,,,,,,,,,,,0,,,,,
,,,,,,,,,,,,,,,,,,,,,,,,,,,,,,0,,,,,
,,,,,,,,,,,,,,,,,,,,,,,,,,,,,,0,,,,,
,,,,,,,,,,,,,,,,,,,,,,,,,,,,,,0,,,,,
,,,,,,,,,,,,,,,,,,,,,,,,,,,,,,0,,,,,
,,,,,,,,,,,,,,,,,,,,,,,,,,,,,,0,,,,,
,,,,,,,,,,,,,,,,,,,,,,,,,,,,,,0,,,,,
,,,,,,,,,,,,,,,,,,,,,,,,,,,,,,0,,,,,
,,,,,,,,,,,,,,,,,,,,,,,,,,,,,,0,,,,,
,,,,,,,,,,,,,,,,,,,,,,,,,,,,,,0,,,,,
,,,,,,,,,,,,,,,,,,,,,,,,,,,,,,0,,,,,
,,,,,,,,,,,,,,,,,,,,,,,,,,,,,,0,,,,,
,,,,,,,,,,,,,,,,,,,,,,,,,,,,,,0,,,,,
,,,,,,,,,,,,,,,,,,,,,,,,,,,,,,0,,,,,
,,,,,,,,,,,,,,,,,,,,,,,,,,,,,,0,,,,,
,,,,,,,,,,,,,,,,,,,,,,,,,,,,,,0,,,,,
,,,,,,,,,,,,,,,,,,,,,,,,,,,,,,0,,,,,
,,,,,,,,,,,,,,,,,,,,,,,,,,,,,,0,,,,,
,,,,,,,,,,,,,,,,,,,,,,,,,,,,,,0,,,,,
,,,,,,,,,,,,,,,,,,,,,,,,,,,,,,0,,,,,
,,,,,,,,,,,,,,,,,,,,,,,,,,,,,,0,,,,,
,,,,,,,,,,,,,,,,,,,,,,,,,,,,,,0,,,,,
,,,,,,,,,,,,,,,,,,,,,,,,,,,,,,0,,,,,
,,,,,,,,,,,,,,,,,,,,,,,,,,,,,,0,,,,,
,,,,,,,,,,,,,,,,,,,,,,,,,,,,,,0,,,,,
,,,,,,,,,,,,,,,,,,,,,,,,,,,,,,0,,,,,
,,,,,,,,,,,,,,,,,,,,,,,,,,,,,,0,,,,,
,,,,,,,,,,,,,,,,,,,,,,,,,,,,,,0,,,,,
,,,,,,,,,,,,,,,,,,,,,,,,,,,,,,0,,,,,
,,,,,,,,,,,,,,,,,,,,,,,,,,,,,,0,,,,,
,,,,,,,,,,,,,,,,,,,,,,,,,,,,,,0,,,,,
,,,,,,,,,,,,,,,,,,,,,,,,,,,,,,0,,,,,
,,,,,,,,,,,,,,,,,,,,,,,,,,,,,,0,,,,,
,,,,,,,,,,,,,,,,,,,,,,,,,,,,,,0,,,,,
,,,,,,,,,,,,,,,,,,,,,,,,,,,,,,0,,,,,
,,,,,,,,,,,,,,,,,,,,,,,,,,,,,,0,,,,,
,,,,,,,,,,,,,,,,,,,,,,,,,,,,,,0,,,,,
,,,,,,,,,,,,,,,,,,,,,,,,,,,,,,0,,,,,
,,,,,,,,,,,,,,,,,,,,,,,,,,,,,,0,,,,,
,,,,,,,,,,,,,,,,,,,,,,,,,,,,,,0,,,,,
,,,,,,,,,,,,,,,,,,,,,,,,,,,,,,0,,,,,
,,,,,,,,,,,,,,,,,,,,,,,,,,,,,,0,,,,,
,,,,,,,,,,,,,,,,,,,,,,,,,,,,,,0,,,,,
,,,,,,,,,,,,,,,,,,,,,,,,,,,,,,0,,,,,
,,,,,,,,,,,,,,,,,,,,,,,,,,,,,,0,,,,,
,,,,,,,,,,,,,,,,,,,,,,,,,,,,,,0,,,,,
,,,,,,,,,,,,,,,,,,,,,,,,,,,,,,0,,,,,
,,,,,,,,,,,,,,,,,,,,,,,,,,,,,,0,,,,,
,,,,,,,,,,,,,,,,,,,,,,,,,,,,,,0,,,,,
,,,,,,,,,,,,,,,,,,,,,,,,,,,,,,0,,,,,
,,,,,,,,,,,,,,,,,,,,,,,,,,,,,,0,,,,,
,,,,,,,,,,,,,,,,,,,,,,,,,,,,,,0,,,,,
,,,,,,,,,,,,,,,,,,,,,,,,,,,,,,0,,,,,
,,,,,,,,,,,,,,,,,,,,,,,,,,,,,,0,,,,,
,,,,,,,,,,,,,,,,,,,,,,,,,,,,,,0,,,,,
,,,,,,,,,,,,,,,,,,,,,,,,,,,,,,0,,,,,
,,,,,,,,,,,,,,,,,,,,,,,,,,,,,,0,,,,,
,,,,,,,,,,,,,,,,,,,,,,,,,,,,,,0,,,,,
,,,,,,,,,,,,,,,,,,,,,,,,,,,,,,0,,,,,
,,,,,,,,,,,,,,,,,,,,,,,,,,,,,,0,,,,,
,,,,,,,,,,,,,,,,,,,,,,,,,,,,,,0,,,,,
,,,,,,,,,,,,,,,,,,,,,,,,,,,,,,0,,,,,
,,,,,,,,,,,,,,,,,,,,,,,,,,,,,,0,,,,,
,,,,,,,,,,,,,,,,,,,,,,,,,,,,,,0,,,,,
,,,,,,,,,,,,,,,,,,,,,,,,,,,,,,0,,,,,
,,,,,,,,,,,,,,,,,,,,,,,,,,,,,,0,,,,,
,,,,,,,,,,,,,,,,,,,,,,,,,,,,,,0,,,,,
,,,,,,,,,,,,,,,,,,,,,,,,,,,,,,0,,,,,
,,,,,,,,,,,,,,,,,,,,,,,,,,,,,,0,,,,,
,,,,,,,,,,,,,,,,,,,,,,,,,,,,,,0,,,,,
,,,,,,,,,,,,,,,,,,,,,,,,,,,,,,0,,,,,
,,,,,,,,,,,,,,,,,,,,,,,,,,,,,,0,,,,,
,,,,,,,,,,,,,,,,,,,,,,,,,,,,,,0,,,,,
,,,,,,,,,,,,,,,,,,,,,,,,,,,,,,0,,,,,
,,,,,,,,,,,,,,,,,,,,,,,,,,,,,,0,,,,,
,,,,,,,,,,,,,,,,,,,,,,,,,,,,,,0,,,,,
,,,,,,,,,,,,,,,,,,,,,,,,,,,,,,0,,,,,
,,,,,,,,,,,,,,,,,,,,,,,,,,,,,,0,,,,,
,,,,,,,,,,,,,,,,,,,,,,,,,,,,,,0,,,,,
,,,,,,,,,,,,,,,,,,,,,,,,,,,,,,0,,,,,
,,,,,,,,,,,,,,,,,,,,,,,,,,,,,,0,,,,,
,,,,,,,,,,,,,,,,,,,,,,,,,,,,,,0,,,,,
,,,,,,,,,,,,,,,,,,,,,,,,,,,,,,0,,,,,
,,,,,,,,,,,,,,,,,,,,,,,,,,,,,,0,,,,,
,,,,,,,,,,,,,,,,,,,,,,,,,,,,,,0,,,,,
,,,,,,,,,,,,,,,,,,,,,,,,,,,,,,0,,,,,
,,,,,,,,,,,,,,,,,,,,,,,,,,,,,,0,,,,,
,,,,,,,,,,,,,,,,,,,,,,,,,,,,,,0,,,,,
,,,,,,,,,,,,,,,,,,,,,,,,,,,,,,0,,,,,
,,,,,,,,,,,,,,,,,,,,,,,,,,,,,,0,,,,,
,,,,,,,,,,,,,,,,,,,,,,,,,,,,,,0,,,,,
,,,,,,,,,,,,,,,,,,,,,,,,,,,,,,0,,,,,
,,,,,,,,,,,,,,,,,,,,,,,,,,,,,,0,,,,,
,,,,,,,,,,,,,,,,,,,,,,,,,,,,,,0,,,,,
,,,,,,,,,,,,,,,,,,,,,,,,,,,,,,0,,,,,
,,,,,,,,,,,,,,,,,,,,,,,,,,,,,,0,,,,,
,,,,,,,,,,,,,,,,,,,,,,,,,,,,,,0,,,,,
,,,,,,,,,,,,,,,,,,,,,,,,,,,,,,0,,,,,
,,,,,,,,,,,,,,,,,,,,,,,,,,,,,,0,,,,,
,,,,,,,,,,,,,,,,,,,,,,,,,,,,,,0,,,,,
,,,,,,,,,,,,,,,,,,,,,,,,,,,,,,0,,,,,
,,,,,,,,,,,,,,,,,,,,,,,,,,,,,,0,,,,,
,,,,,,,,,,,,,,,,,,,,,,,,,,,,,,0,,,,,
,,,,,,,,,,,,,,,,,,,,,,,,,,,,,,0,,,,,
,,,,,,,,,,,,,,,,,,,,,,,,,,,,,,0,,,,,
,,,,,,,,,,,,,,,,,,,,,,,,,,,,,,0,,,,,
,,,,,,,,,,,,,,,,,,,,,,,,,,,,,,0,,,,,
,,,,,,,,,,,,,,,,,,,,,,,,,,,,,,0,,,,,
,,,,,,,,,,,,,,,,,,,,,,,,,,,,,,0,,,,,
,,,,,,,,,,,,,,,,,,,,,,,,,,,,,,0,,,,,
,,,,,,,,,,,,,,,,,,,,,,,,,,,,,,0,,,,,
,,,,,,,,,,,,,,,,,,,,,,,,,,,,,,0,,,,,
,,,,,,,,,,,,,,,,,,,,,,,,,,,,,,0,,,,,
,,,,,,,,,,,,,,,,,,,,,,,,,,,,,,0,,,,,
,,,,,,,,,,,,,,,,,,,,,,,,,,,,,,0,,,,,
,,,,,,,,,,,,,,,,,,,,,,,,,,,,,,0,,,,,
,,,,,,,,,,,,,,,,,,,,,,,,,,,,,,0,,,,,
,,,,,,,,,,,,,,,,,,,,,,,,,,,,,,0,,,,,
,,,,,,,,,,,,,,,,,,,,,,,,,,,,,,0,,,,,
,,,,,,,,,,,,,,,,,,,,,,,,,,,,,,0,,,,,
,,,,,,,,,,,,,,,,,,,,,,,,,,,,,,0,,,,,
,,,,,,,,,,,,,,,,,,,,,,,,,,,,,,0,,,,,
,,,,,,,,,,,,,,,,,,,,,,,,,,,,,,0,,,,,
,,,,,,,,,,,,,,,,,,,,,,,,,,,,,,0,,,,,
,,,,,,,,,,,,,,,,,,,,,,,,,,,,,,0,,,,,
,,,,,,,,,,,,,,,,,,,,,,,,,,,,,,0,,,,,
,,,,,,,,,,,,,,,,,,,,,,,,,,,,,,0,,,,,
,,,,,,,,,,,,,,,,,,,,,,,,,,,,,,0,,,,,
,,,,,,,,,,,,,,,,,,,,,,,,,,,,,,0,,,,,
,,,,,,,,,,,,,,,,,,,,,,,,,,,,,,0,,,,,
,,,,,,,,,,,,,,,,,,,,,,,,,,,,,,0,,,,,
,,,,,,,,,,,,,,,,,,,,,,,,,,,,,,0,,,,,
,,,,,,,,,,,,,,,,,,,,,,,,,,,,,,0,,,,,
,,,,,,,,,,,,,,,,,,,,,,,,,,,,,,0,,,,,
,,,,,,,,,,,,,,,,,,,,,,,,,,,,,,0,,,,,
,,,,,,,,,,,,,,,,,,,,,,,,,,,,,,0,,,,,
,,,,,,,,,,,,,,,,,,,,,,,,,,,,,,0,,,,,
,,,,,,,,,,,,,,,,,,,,,,,,,,,,,,0,,,,,
,,,,,,,,,,,,,,,,,,,,,,,,,,,,,,0,,,,,
,,,,,,,,,,,,,,,,,,,,,,,,,,,,,,0,,,,,
,,,,,,,,,,,,,,,,,,,,,,,,,,,,,,0,,,,,
,,,,,,,,,,,,,,,,,,,,,,,,,,,,,,0,,,,,
,,,,,,,,,,,,,,,,,,,,,,,,,,,,,,0,,,,,
,,,,,,,,,,,,,,,,,,,,,,,,,,,,,,0,,,,,
,,,,,,,,,,,,,,,,,,,,,,,,,,,,,,0,,,,,
,,,,,,,,,,,,,,,,,,,,,,,,,,,,,,0,,,,,
,,,,,,,,,,,,,,,,,,,,,,,,,,,,,,0,,,,,
,,,,,,,,,,,,,,,,,,,,,,,,,,,,,,0,,,,,
,,,,,,,,,,,,,,,,,,,,,,,,,,,,,,0,,,,,
,,,,,,,,,,,,,,,,,,,,,,,,,,,,,,0,,,,,
,,,,,,,,,,,,,,,,,,,,,,,,,,,,,,0,,,,,
,,,,,,,,,,,,,,,,,,,,,,,,,,,,,,0,,,,,
,,,,,,,,,,,,,,,,,,,,,,,,,,,,,,0,,,,,
,,,,,,,,,,,,,,,,,,,,,,,,,,,,,,0,,,,,
,,,,,,,,,,,,,,,,,,,,,,,,,,,,,,0,,,,,
,,,,,,,,,,,,,,,,,,,,,,,,,,,,,,0,,,,,
,,,,,,,,,,,,,,,,,,,,,,,,,,,,,,0,,,,,
,,,,,,,,,,,,,,,,,,,,,,,,,,,,,,0,,,,,
,,,,,,,,,,,,,,,,,,,,,,,,,,,,,,0,,,,,
,,,,,,,,,,,,,,,,,,,,,,,,,,,,,,0,,,,,
,,,,,,,,,,,,,,,,,,,,,,,,,,,,,,0,,,,,
,,,,,,,,,,,,,,,,,,,,,,,,,,,,,,0,,,,,
,,,,,,,,,,,,,,,,,,,,,,,,,,,,,,0,,,,,
,,,,,,,,,,,,,,,,,,,,,,,,,,,,,,0,,,,,
,,,,,,,,,,,,,,,,,,,,,,,,,,,,,,0,,,,,
,,,,,,,,,,,,,,,,,,,,,,,,,,,,,,0,,,,,
,,,,,,,,,,,,,,,,,,,,,,,,,,,,,,0,,,,,
,,,,,,,,,,,,,,,,,,,,,,,,,,,,,,0,,,,,
,,,,,,,,,,,,,,,,,,,,,,,,,,,,,,0,,,,,
,,,,,,,,,,,,,,,,,,,,,,,,,,,,,,0,,,,,
,,,,,,,,,,,,,,,,,,,,,,,,,,,,,,0,,,,,
,,,,,,,,,,,,,,,,,,,,,,,,,,,,,,0,,,,,
,,,,,,,,,,,,,,,,,,,,,,,,,,,,,,0,,,,,
,,,,,,,,,,,,,,,,,,,,,,,,,,,,,,0,,,,,
,,,,,,,,,,,,,,,,,,,,,,,,,,,,,,0,,,,,
,,,,,,,,,,,,,,,,,,,,,,,,,,,,,,0,,,,,
,,,,,,,,,,,,,,,,,,,,,,,,,,,,,,0,,,,,
,,,,,,,,,,,,,,,,,,,,,,,,,,,,,,0,,,,,
,,,,,,,,,,,,,,,,,,,,,,,,,,,,,,0,,,,,
,,,,,,,,,,,,,,,,,,,,,,,,,,,,,,0,,,,,
,,,,,,,,,,,,,,,,,,,,,,,,,,,,,,0,,,,,
,,,,,,,,,,,,,,,,,,,,,,,,,,,,,,0,,,,,
,,,,,,,,,,,,,,,,,,,,,,,,,,,,,,0,,,,,
,,,,,,,,,,,,,,,,,,,,,,"1,427",,,,,,,,120,,,,,
